{
 "type": "FeatureCollection",
 "features": [
  {
   "type": "Feature",
   "geometry": {
    "type": "Point",
    "coordinates": [
     -82.477957,
     41.210801
    ]
   },
   "properties": {
    "id": "S76888081|Pine Warbler",
    "common_name": "Pine Warbler",
    "scientific_name": "Setophaga pinus",
    "date": "2020-04-15",
    "time": "nan",
    "location": ".",
    "count": "X",
    "checklist": "https://ebird.org/checklist/S76888081"
   }
  },
  {
   "type": "Feature",
   "geometry": {
    "type": "Point",
    "coordinates": [
     -82.477957,
     41.210801
    ]
   },
   "properties": {
    "id": "S76888099|American Goldfinch",
    "common_name": "American Goldfinch",
    "scientific_name": "Spinus tristis",
    "date": "2020-04-25",
    "time": "nan",
    "location": ".",
    "count": "X",
    "checklist": "https://ebird.org/checklist/S76888099"
   }
  },
  {
   "type": "Feature",
   "geometry": {
    "type": "Point",
    "coordinates": [
     -82.558306,
     41.369867
    ]
   },
   "properties": {
    "id": "S77854333|Eastern Whip-poor-will",
    "common_name": "Eastern Whip-poor-will",
    "scientific_name": "Antrostomus vociferus",
    "date": "2020-05-16",
    "time": "11:00 AM",
    "location": "Sheldon Preserve",
    "count": "1",
    "checklist": "https://ebird.org/checklist/S77854333"
   }
  },
  {
   "type": "Feature",
   "geometry": {
    "type": "Point",
    "coordinates": [
     -82.558306,
     41.369867
    ]
   },
   "properties": {
    "id": "S77854333|European Starling",
    "common_name": "European Starling",
    "scientific_name": "Sturnus vulgaris",
    "date": "2020-05-16",
    "time": "11:00 AM",
    "location": "Sheldon Preserve",
    "count": "4",
    "checklist": "https://ebird.org/checklist/S77854333"
   }
  },
  {
   "type": "Feature",
   "geometry": {
    "type": "Point",
    "coordinates": [
     -82.558306,
     41.369867
    ]
   },
   "properties": {
    "id": "S77854333|Tufted Titmouse",
    "common_name": "Tufted Titmouse",
    "scientific_name": "Baeolophus bicolor",
    "date": "2020-05-16",
    "time": "11:00 AM",
    "location": "Sheldon Preserve",
    "count": "1",
    "checklist": "https://ebird.org/checklist/S77854333"
   }
  },
  {
   "type": "Feature",
   "geometry": {
    "type": "Point",
    "coordinates": [
     -82.558306,
     41.369867
    ]
   },
   "properties": {
    "id": "S77854333|Mallard",
    "common_name": "Mallard",
    "scientific_name": "Anas platyrhynchos",
    "date": "2020-05-16",
    "time": "11:00 AM",
    "location": "Sheldon Preserve",
    "count": "8",
    "checklist": "https://ebird.org/checklist/S77854333"
   }
  },
  {
   "type": "Feature",
   "geometry": {
    "type": "Point",
    "coordinates": [
     -82.558306,
     41.369867
    ]
   },
   "properties": {
    "id": "S77854333|Great Blue Heron",
    "common_name": "Great Blue Heron",
    "scientific_name": "Ardea herodias",
    "date": "2020-05-16",
    "time": "11:00 AM",
    "location": "Sheldon Preserve",
    "count": "2",
    "checklist": "https://ebird.org/checklist/S77854333"
   }
  },
  {
   "type": "Feature",
   "geometry": {
    "type": "Point",
    "coordinates": [
     -82.558306,
     41.369867
    ]
   },
   "properties": {
    "id": "S77854333|Black-capped Chickadee",
    "common_name": "Black-capped Chickadee",
    "scientific_name": "Poecile atricapillus",
    "date": "2020-05-16",
    "time": "11:00 AM",
    "location": "Sheldon Preserve",
    "count": "2",
    "checklist": "https://ebird.org/checklist/S77854333"
   }
  },
  {
   "type": "Feature",
   "geometry": {
    "type": "Point",
    "coordinates": [
     -82.558306,
     41.369867
    ]
   },
   "properties": {
    "id": "S77854333|Gray Catbird",
    "common_name": "Gray Catbird",
    "scientific_name": "Dumetella carolinensis",
    "date": "2020-05-16",
    "time": "11:00 AM",
    "location": "Sheldon Preserve",
    "count": "1",
    "checklist": "https://ebird.org/checklist/S77854333"
   }
  },
  {
   "type": "Feature",
   "geometry": {
    "type": "Point",
    "coordinates": [
     -82.603123,
     41.413151
    ]
   },
   "properties": {
    "id": "S77858130|Black-throated Blue Warbler",
    "common_name": "Black-throated Blue Warbler",
    "scientific_name": "Setophaga caerulescens",
    "date": "2020-05-16",
    "time": "nan",
    "location": "Sheldon preserve",
    "count": "X",
    "checklist": "https://ebird.org/checklist/S77858130"
   }
  },
  {
   "type": "Feature",
   "geometry": {
    "type": "Point",
    "coordinates": [
     -82.558306,
     41.369867
    ]
   },
   "properties": {
    "id": "S77854333|Killdeer",
    "common_name": "Killdeer",
    "scientific_name": "Charadrius vociferus",
    "date": "2020-05-16",
    "time": "11:00 AM",
    "location": "Sheldon Preserve",
    "count": "4",
    "checklist": "https://ebird.org/checklist/S77854333"
   }
  },
  {
   "type": "Feature",
   "geometry": {
    "type": "Point",
    "coordinates": [
     -82.558306,
     41.369867
    ]
   },
   "properties": {
    "id": "S77854333|Blackburnian Warbler",
    "common_name": "Blackburnian Warbler",
    "scientific_name": "Setophaga fusca",
    "date": "2020-05-16",
    "time": "11:00 AM",
    "location": "Sheldon Preserve",
    "count": "1",
    "checklist": "https://ebird.org/checklist/S77854333"
   }
  },
  {
   "type": "Feature",
   "geometry": {
    "type": "Point",
    "coordinates": [
     -82.558306,
     41.369867
    ]
   },
   "properties": {
    "id": "S77854333|Cerulean Warbler",
    "common_name": "Cerulean Warbler",
    "scientific_name": "Setophaga cerulea",
    "date": "2020-05-16",
    "time": "11:00 AM",
    "location": "Sheldon Preserve",
    "count": "1",
    "checklist": "https://ebird.org/checklist/S77854333"
   }
  },
  {
   "type": "Feature",
   "geometry": {
    "type": "Point",
    "coordinates": [
     -82.558306,
     41.369867
    ]
   },
   "properties": {
    "id": "S77854333|Common Yellowthroat",
    "common_name": "Common Yellowthroat",
    "scientific_name": "Geothlypis trichas",
    "date": "2020-05-16",
    "time": "11:00 AM",
    "location": "Sheldon Preserve",
    "count": "1",
    "checklist": "https://ebird.org/checklist/S77854333"
   }
  },
  {
   "type": "Feature",
   "geometry": {
    "type": "Point",
    "coordinates": [
     -82.558306,
     41.369867
    ]
   },
   "properties": {
    "id": "S77854333|Northern Yellow Warbler",
    "common_name": "Northern Yellow Warbler",
    "scientific_name": "Setophaga aestiva",
    "date": "2020-05-16",
    "time": "11:00 AM",
    "location": "Sheldon Preserve",
    "count": "2",
    "checklist": "https://ebird.org/checklist/S77854333"
   }
  },
  {
   "type": "Feature",
   "geometry": {
    "type": "Point",
    "coordinates": [
     -82.558306,
     41.369867
    ]
   },
   "properties": {
    "id": "S77854333|Northern Flicker",
    "common_name": "Northern Flicker",
    "scientific_name": "Colaptes auratus",
    "date": "2020-05-16",
    "time": "11:00 AM",
    "location": "Sheldon Preserve",
    "count": "1",
    "checklist": "https://ebird.org/checklist/S77854333"
   }
  },
  {
   "type": "Feature",
   "geometry": {
    "type": "Point",
    "coordinates": [
     -82.558306,
     41.369867
    ]
   },
   "properties": {
    "id": "S77854333|Eastern Kingbird",
    "common_name": "Eastern Kingbird",
    "scientific_name": "Tyrannus tyrannus",
    "date": "2020-05-16",
    "time": "11:00 AM",
    "location": "Sheldon Preserve",
    "count": "1",
    "checklist": "https://ebird.org/checklist/S77854333"
   }
  },
  {
   "type": "Feature",
   "geometry": {
    "type": "Point",
    "coordinates": [
     -82.558306,
     41.369867
    ]
   },
   "properties": {
    "id": "S77854333|Snowy Egret",
    "common_name": "Snowy Egret",
    "scientific_name": "Egretta thula",
    "date": "2020-05-16",
    "time": "11:00 AM",
    "location": "Sheldon Preserve",
    "count": "1",
    "checklist": "https://ebird.org/checklist/S77854333"
   }
  },
  {
   "type": "Feature",
   "geometry": {
    "type": "Point",
    "coordinates": [
     -82.558306,
     41.369867
    ]
   },
   "properties": {
    "id": "S77854333|Baltimore Oriole",
    "common_name": "Baltimore Oriole",
    "scientific_name": "Icterus galbula",
    "date": "2020-05-16",
    "time": "11:00 AM",
    "location": "Sheldon Preserve",
    "count": "3",
    "checklist": "https://ebird.org/checklist/S77854333"
   }
  },
  {
   "type": "Feature",
   "geometry": {
    "type": "Point",
    "coordinates": [
     -82.558306,
     41.369867
    ]
   },
   "properties": {
    "id": "S77854333|Black-and-white Warbler",
    "common_name": "Black-and-white Warbler",
    "scientific_name": "Mniotilta varia",
    "date": "2020-05-16",
    "time": "11:00 AM",
    "location": "Sheldon Preserve",
    "count": "1",
    "checklist": "https://ebird.org/checklist/S77854333"
   }
  },
  {
   "type": "Feature",
   "geometry": {
    "type": "Point",
    "coordinates": [
     -82.558306,
     41.369867
    ]
   },
   "properties": {
    "id": "S77854333|Blue-winged Warbler",
    "common_name": "Blue-winged Warbler",
    "scientific_name": "Vermivora cyanoptera",
    "date": "2020-05-16",
    "time": "11:00 AM",
    "location": "Sheldon Preserve",
    "count": "1",
    "checklist": "https://ebird.org/checklist/S77854333"
   }
  },
  {
   "type": "Feature",
   "geometry": {
    "type": "Point",
    "coordinates": [
     -81.90982,
     40.544731
    ]
   },
   "properties": {
    "id": "S77854642|American Goldfinch",
    "common_name": "American Goldfinch",
    "scientific_name": "Spinus tristis",
    "date": "2020-06-15",
    "time": "09:00 AM",
    "location": "Fire Ridge Golf Course",
    "count": "4",
    "checklist": "https://ebird.org/checklist/S77854642"
   }
  },
  {
   "type": "Feature",
   "geometry": {
    "type": "Point",
    "coordinates": [
     -81.90982,
     40.544731
    ]
   },
   "properties": {
    "id": "S77854642|Purple Finch",
    "common_name": "Purple Finch",
    "scientific_name": "Haemorhous purpureus",
    "date": "2020-06-15",
    "time": "09:00 AM",
    "location": "Fire Ridge Golf Course",
    "count": "2",
    "checklist": "https://ebird.org/checklist/S77854642"
   }
  },
  {
   "type": "Feature",
   "geometry": {
    "type": "Point",
    "coordinates": [
     -81.90982,
     40.544731
    ]
   },
   "properties": {
    "id": "S77854642|Barn Swallow",
    "common_name": "Barn Swallow",
    "scientific_name": "Hirundo rustica",
    "date": "2020-06-15",
    "time": "09:00 AM",
    "location": "Fire Ridge Golf Course",
    "count": "4",
    "checklist": "https://ebird.org/checklist/S77854642"
   }
  },
  {
   "type": "Feature",
   "geometry": {
    "type": "Point",
    "coordinates": [
     -81.90982,
     40.544731
    ]
   },
   "properties": {
    "id": "S77854642|Purple Martin",
    "common_name": "Purple Martin",
    "scientific_name": "Progne subis",
    "date": "2020-06-15",
    "time": "09:00 AM",
    "location": "Fire Ridge Golf Course",
    "count": "3",
    "checklist": "https://ebird.org/checklist/S77854642"
   }
  },
  {
   "type": "Feature",
   "geometry": {
    "type": "Point",
    "coordinates": [
     -81.90982,
     40.544731
    ]
   },
   "properties": {
    "id": "S77854642|Mourning Dove",
    "common_name": "Mourning Dove",
    "scientific_name": "Zenaida macroura",
    "date": "2020-06-15",
    "time": "09:00 AM",
    "location": "Fire Ridge Golf Course",
    "count": "2",
    "checklist": "https://ebird.org/checklist/S77854642"
   }
  },
  {
   "type": "Feature",
   "geometry": {
    "type": "Point",
    "coordinates": [
     -81.90982,
     40.544731
    ]
   },
   "properties": {
    "id": "S77854642|Ruby-throated Hummingbird",
    "common_name": "Ruby-throated Hummingbird",
    "scientific_name": "Archilochus colubris",
    "date": "2020-06-15",
    "time": "09:00 AM",
    "location": "Fire Ridge Golf Course",
    "count": "1",
    "checklist": "https://ebird.org/checklist/S77854642"
   }
  },
  {
   "type": "Feature",
   "geometry": {
    "type": "Point",
    "coordinates": [
     -81.90982,
     40.544731
    ]
   },
   "properties": {
    "id": "S77854642|Pileated Woodpecker",
    "common_name": "Pileated Woodpecker",
    "scientific_name": "Dryocopus pileatus",
    "date": "2020-06-15",
    "time": "09:00 AM",
    "location": "Fire Ridge Golf Course",
    "count": "1",
    "checklist": "https://ebird.org/checklist/S77854642"
   }
  },
  {
   "type": "Feature",
   "geometry": {
    "type": "Point",
    "coordinates": [
     -81.90982,
     40.544731
    ]
   },
   "properties": {
    "id": "S77854642|Canada Goose",
    "common_name": "Canada Goose",
    "scientific_name": "Branta canadensis",
    "date": "2020-06-15",
    "time": "09:00 AM",
    "location": "Fire Ridge Golf Course",
    "count": "1",
    "checklist": "https://ebird.org/checklist/S77854642"
   }
  },
  {
   "type": "Feature",
   "geometry": {
    "type": "Point",
    "coordinates": [
     -81.90982,
     40.544731
    ]
   },
   "properties": {
    "id": "S77854642|Eastern Kingbird",
    "common_name": "Eastern Kingbird",
    "scientific_name": "Tyrannus tyrannus",
    "date": "2020-06-15",
    "time": "09:00 AM",
    "location": "Fire Ridge Golf Course",
    "count": "1",
    "checklist": "https://ebird.org/checklist/S77854642"
   }
  },
  {
   "type": "Feature",
   "geometry": {
    "type": "Point",
    "coordinates": [
     -81.90982,
     40.544731
    ]
   },
   "properties": {
    "id": "S77854642|Northern House Wren",
    "common_name": "Northern House Wren",
    "scientific_name": "Troglodytes aedon",
    "date": "2020-06-15",
    "time": "09:00 AM",
    "location": "Fire Ridge Golf Course",
    "count": "2",
    "checklist": "https://ebird.org/checklist/S77854642"
   }
  },
  {
   "type": "Feature",
   "geometry": {
    "type": "Point",
    "coordinates": [
     -81.90982,
     40.544731
    ]
   },
   "properties": {
    "id": "S77854642|Killdeer",
    "common_name": "Killdeer",
    "scientific_name": "Charadrius vociferus",
    "date": "2020-06-15",
    "time": "09:00 AM",
    "location": "Fire Ridge Golf Course",
    "count": "5",
    "checklist": "https://ebird.org/checklist/S77854642"
   }
  },
  {
   "type": "Feature",
   "geometry": {
    "type": "Point",
    "coordinates": [
     -81.90982,
     40.544731
    ]
   },
   "properties": {
    "id": "S77854642|American Robin",
    "common_name": "American Robin",
    "scientific_name": "Turdus migratorius",
    "date": "2020-06-15",
    "time": "09:00 AM",
    "location": "Fire Ridge Golf Course",
    "count": "4",
    "checklist": "https://ebird.org/checklist/S77854642"
   }
  },
  {
   "type": "Feature",
   "geometry": {
    "type": "Point",
    "coordinates": [
     -81.90982,
     40.544731
    ]
   },
   "properties": {
    "id": "S77854642|Carolina Chickadee",
    "common_name": "Carolina Chickadee",
    "scientific_name": "Poecile carolinensis",
    "date": "2020-06-15",
    "time": "09:00 AM",
    "location": "Fire Ridge Golf Course",
    "count": "1",
    "checklist": "https://ebird.org/checklist/S77854642"
   }
  },
  {
   "type": "Feature",
   "geometry": {
    "type": "Point",
    "coordinates": [
     -81.90982,
     40.544731
    ]
   },
   "properties": {
    "id": "S77854642|Blue Jay",
    "common_name": "Blue Jay",
    "scientific_name": "Cyanocitta cristata",
    "date": "2020-06-15",
    "time": "09:00 AM",
    "location": "Fire Ridge Golf Course",
    "count": "1",
    "checklist": "https://ebird.org/checklist/S77854642"
   }
  },
  {
   "type": "Feature",
   "geometry": {
    "type": "Point",
    "coordinates": [
     -82.720694,
     41.603687
    ]
   },
   "properties": {
    "id": "S77854515|Green Heron",
    "common_name": "Green Heron",
    "scientific_name": "Butorides virescens",
    "date": "2020-07-22",
    "time": "10:00 AM",
    "location": "Kelley\u2019s Hike",
    "count": "1",
    "checklist": "https://ebird.org/checklist/S77854515"
   }
  },
  {
   "type": "Feature",
   "geometry": {
    "type": "Point",
    "coordinates": [
     -82.720694,
     41.603687
    ]
   },
   "properties": {
    "id": "S77854515|Bald Eagle",
    "common_name": "Bald Eagle",
    "scientific_name": "Haliaeetus leucocephalus",
    "date": "2020-07-22",
    "time": "10:00 AM",
    "location": "Kelley\u2019s Hike",
    "count": "1",
    "checklist": "https://ebird.org/checklist/S77854515"
   }
  },
  {
   "type": "Feature",
   "geometry": {
    "type": "Point",
    "coordinates": [
     -82.720694,
     41.603687
    ]
   },
   "properties": {
    "id": "S77854515|Eastern Kingbird",
    "common_name": "Eastern Kingbird",
    "scientific_name": "Tyrannus tyrannus",
    "date": "2020-07-22",
    "time": "10:00 AM",
    "location": "Kelley\u2019s Hike",
    "count": "1",
    "checklist": "https://ebird.org/checklist/S77854515"
   }
  },
  {
   "type": "Feature",
   "geometry": {
    "type": "Point",
    "coordinates": [
     -82.720694,
     41.603687
    ]
   },
   "properties": {
    "id": "S77854515|Turkey Vulture",
    "common_name": "Turkey Vulture",
    "scientific_name": "Cathartes aura",
    "date": "2020-07-22",
    "time": "10:00 AM",
    "location": "Kelley\u2019s Hike",
    "count": "3",
    "checklist": "https://ebird.org/checklist/S77854515"
   }
  },
  {
   "type": "Feature",
   "geometry": {
    "type": "Point",
    "coordinates": [
     -82.720694,
     41.603687
    ]
   },
   "properties": {
    "id": "S77854515|Mourning Dove",
    "common_name": "Mourning Dove",
    "scientific_name": "Zenaida macroura",
    "date": "2020-07-22",
    "time": "10:00 AM",
    "location": "Kelley\u2019s Hike",
    "count": "3",
    "checklist": "https://ebird.org/checklist/S77854515"
   }
  },
  {
   "type": "Feature",
   "geometry": {
    "type": "Point",
    "coordinates": [
     -82.720694,
     41.603687
    ]
   },
   "properties": {
    "id": "S77854515|Baltimore Oriole",
    "common_name": "Baltimore Oriole",
    "scientific_name": "Icterus galbula",
    "date": "2020-07-22",
    "time": "10:00 AM",
    "location": "Kelley\u2019s Hike",
    "count": "8",
    "checklist": "https://ebird.org/checklist/S77854515"
   }
  },
  {
   "type": "Feature",
   "geometry": {
    "type": "Point",
    "coordinates": [
     -82.720694,
     41.603687
    ]
   },
   "properties": {
    "id": "S77854515|Brown-headed Cowbird",
    "common_name": "Brown-headed Cowbird",
    "scientific_name": "Molothrus ater",
    "date": "2020-07-22",
    "time": "10:00 AM",
    "location": "Kelley\u2019s Hike",
    "count": "2",
    "checklist": "https://ebird.org/checklist/S77854515"
   }
  },
  {
   "type": "Feature",
   "geometry": {
    "type": "Point",
    "coordinates": [
     -82.720694,
     41.603687
    ]
   },
   "properties": {
    "id": "S77854515|Common Grackle",
    "common_name": "Common Grackle",
    "scientific_name": "Quiscalus quiscula",
    "date": "2020-07-22",
    "time": "10:00 AM",
    "location": "Kelley\u2019s Hike",
    "count": "3",
    "checklist": "https://ebird.org/checklist/S77854515"
   }
  },
  {
   "type": "Feature",
   "geometry": {
    "type": "Point",
    "coordinates": [
     -82.720694,
     41.603687
    ]
   },
   "properties": {
    "id": "S77854515|Great Blue Heron",
    "common_name": "Great Blue Heron",
    "scientific_name": "Ardea herodias",
    "date": "2020-07-22",
    "time": "10:00 AM",
    "location": "Kelley\u2019s Hike",
    "count": "2",
    "checklist": "https://ebird.org/checklist/S77854515"
   }
  },
  {
   "type": "Feature",
   "geometry": {
    "type": "Point",
    "coordinates": [
     -82.720694,
     41.603687
    ]
   },
   "properties": {
    "id": "S77854515|Red-tailed Hawk",
    "common_name": "Red-tailed Hawk",
    "scientific_name": "Buteo jamaicensis",
    "date": "2020-07-22",
    "time": "10:00 AM",
    "location": "Kelley\u2019s Hike",
    "count": "1",
    "checklist": "https://ebird.org/checklist/S77854515"
   }
  },
  {
   "type": "Feature",
   "geometry": {
    "type": "Point",
    "coordinates": [
     -82.720694,
     41.603687
    ]
   },
   "properties": {
    "id": "S77854515|Short-billed Dowitcher",
    "common_name": "Short-billed Dowitcher",
    "scientific_name": "Limnodromus griseus",
    "date": "2020-07-22",
    "time": "10:00 AM",
    "location": "Kelley\u2019s Hike",
    "count": "6",
    "checklist": "https://ebird.org/checklist/S77854515"
   }
  },
  {
   "type": "Feature",
   "geometry": {
    "type": "Point",
    "coordinates": [
     -82.720694,
     41.603687
    ]
   },
   "properties": {
    "id": "S77854515|Tree Swallow",
    "common_name": "Tree Swallow",
    "scientific_name": "Tachycineta bicolor",
    "date": "2020-07-22",
    "time": "10:00 AM",
    "location": "Kelley\u2019s Hike",
    "count": "12",
    "checklist": "https://ebird.org/checklist/S77854515"
   }
  },
  {
   "type": "Feature",
   "geometry": {
    "type": "Point",
    "coordinates": [
     -82.720694,
     41.603687
    ]
   },
   "properties": {
    "id": "S76775658|Indigo Bunting",
    "common_name": "Indigo Bunting",
    "scientific_name": "Passerina cyanea",
    "date": "2020-07-27",
    "time": "nan",
    "location": "Kelley\u2019s Hike",
    "count": "X",
    "checklist": "https://ebird.org/checklist/S76775658"
   }
  },
  {
   "type": "Feature",
   "geometry": {
    "type": "Point",
    "coordinates": [
     -81.908145,
     40.544374
    ]
   },
   "properties": {
    "id": "S77907344|Red-headed Woodpecker",
    "common_name": "Red-headed Woodpecker",
    "scientific_name": "Melanerpes erythrocephalus",
    "date": "2020-08-07",
    "time": "nan",
    "location": "Fire Ridge",
    "count": "X",
    "checklist": "https://ebird.org/checklist/S77907344"
   }
  },
  {
   "type": "Feature",
   "geometry": {
    "type": "Point",
    "coordinates": [
     -81.908145,
     40.544374
    ]
   },
   "properties": {
    "id": "S77907334|Rose-breasted Grosbeak",
    "common_name": "Rose-breasted Grosbeak",
    "scientific_name": "Pheucticus ludovicianus",
    "date": "2020-08-07",
    "time": "nan",
    "location": "Fire Ridge",
    "count": "X",
    "checklist": "https://ebird.org/checklist/S77907334"
   }
  },
  {
   "type": "Feature",
   "geometry": {
    "type": "Point",
    "coordinates": [
     -82.517414,
     41.357968
    ]
   },
   "properties": {
    "id": "S76712729|Tufted Titmouse",
    "common_name": "Tufted Titmouse",
    "scientific_name": "Baeolophus bicolor",
    "date": "2020-08-25",
    "time": "nan",
    "location": "Driving Home From Sheldon",
    "count": "X",
    "checklist": "https://ebird.org/checklist/S76712729"
   }
  },
  {
   "type": "Feature",
   "geometry": {
    "type": "Point",
    "coordinates": [
     -82.517414,
     41.357968
    ]
   },
   "properties": {
    "id": "S76712708|Belted Kingfisher",
    "common_name": "Belted Kingfisher",
    "scientific_name": "Megaceryle alcyon",
    "date": "2020-08-25",
    "time": "nan",
    "location": "Driving Home From Sheldon",
    "count": "X",
    "checklist": "https://ebird.org/checklist/S76712708"
   }
  },
  {
   "type": "Feature",
   "geometry": {
    "type": "Point",
    "coordinates": [
     -83.025387,
     40.041052
    ]
   },
   "properties": {
    "id": "S75226265|Blue Jay",
    "common_name": "Blue Jay",
    "scientific_name": "Cyanocitta cristata",
    "date": "2020-10-22",
    "time": "nan",
    "location": "Hammock At Whetstone",
    "count": "X",
    "checklist": "https://ebird.org/checklist/S75226265"
   }
  },
  {
   "type": "Feature",
   "geometry": {
    "type": "Point",
    "coordinates": [
     -83.025387,
     40.041052
    ]
   },
   "properties": {
    "id": "S75226810|Red-tailed Hawk",
    "common_name": "Red-tailed Hawk",
    "scientific_name": "Buteo jamaicensis",
    "date": "2020-10-22",
    "time": "nan",
    "location": "Hammock At Whetstone",
    "count": "X",
    "checklist": "https://ebird.org/checklist/S75226810"
   }
  },
  {
   "type": "Feature",
   "geometry": {
    "type": "Point",
    "coordinates": [
     -83.025387,
     40.041052
    ]
   },
   "properties": {
    "id": "S75226134|Carolina Chickadee",
    "common_name": "Carolina Chickadee",
    "scientific_name": "Poecile carolinensis",
    "date": "2020-10-22",
    "time": "nan",
    "location": "Hammock At Whetstone",
    "count": "X",
    "checklist": "https://ebird.org/checklist/S75226134"
   }
  },
  {
   "type": "Feature",
   "geometry": {
    "type": "Point",
    "coordinates": [
     -82.603123,
     41.413151
    ]
   },
   "properties": {
    "id": "S75376749|Red-bellied Woodpecker",
    "common_name": "Red-bellied Woodpecker",
    "scientific_name": "Melanerpes carolinus",
    "date": "2020-10-25",
    "time": "nan",
    "location": "Sheldon preserve",
    "count": "X",
    "checklist": "https://ebird.org/checklist/S75376749"
   }
  },
  {
   "type": "Feature",
   "geometry": {
    "type": "Point",
    "coordinates": [
     -82.603123,
     41.413151
    ]
   },
   "properties": {
    "id": "S75376713|Northern Flicker",
    "common_name": "Northern Flicker",
    "scientific_name": "Colaptes auratus",
    "date": "2020-10-25",
    "time": "nan",
    "location": "Sheldon preserve",
    "count": "X",
    "checklist": "https://ebird.org/checklist/S75376713"
   }
  },
  {
   "type": "Feature",
   "geometry": {
    "type": "Point",
    "coordinates": [
     -82.603123,
     41.413151
    ]
   },
   "properties": {
    "id": "S75379792|Brown-headed Cowbird",
    "common_name": "Brown-headed Cowbird",
    "scientific_name": "Molothrus ater",
    "date": "2020-10-25",
    "time": "nan",
    "location": "Sheldon preserve",
    "count": "X",
    "checklist": "https://ebird.org/checklist/S75379792"
   }
  },
  {
   "type": "Feature",
   "geometry": {
    "type": "Point",
    "coordinates": [
     -82.602778,
     41.408137
    ]
   },
   "properties": {
    "id": "S75376663|Golden-crowned Kinglet",
    "common_name": "Golden-crowned Kinglet",
    "scientific_name": "Regulus satrapa",
    "date": "2020-10-25",
    "time": "nan",
    "location": "Sheldon Preserve",
    "count": "X",
    "checklist": "https://ebird.org/checklist/S75376663"
   }
  },
  {
   "type": "Feature",
   "geometry": {
    "type": "Point",
    "coordinates": [
     -82.579136,
     41.400207
    ]
   },
   "properties": {
    "id": "S75380851|Wood Duck",
    "common_name": "Wood Duck",
    "scientific_name": "Aix sponsa",
    "date": "2020-10-25",
    "time": "nan",
    "location": "Sheldon Preserve",
    "count": "X",
    "checklist": "https://ebird.org/checklist/S75380851"
   }
  },
  {
   "type": "Feature",
   "geometry": {
    "type": "Point",
    "coordinates": [
     -82.579136,
     41.400207
    ]
   },
   "properties": {
    "id": "S75379841|White-breasted Nuthatch",
    "common_name": "White-breasted Nuthatch",
    "scientific_name": "Sitta carolinensis",
    "date": "2020-10-25",
    "time": "nan",
    "location": "Sheldon Preserve",
    "count": "X",
    "checklist": "https://ebird.org/checklist/S75379841"
   }
  },
  {
   "type": "Feature",
   "geometry": {
    "type": "Point",
    "coordinates": [
     -82.461271,
     41.089898
    ]
   },
   "properties": {
    "id": "S75442715|American Kestrel",
    "common_name": "American Kestrel",
    "scientific_name": "Falco sparverius",
    "date": "2020-10-26",
    "time": "nan",
    "location": "Drive From New London",
    "count": "X",
    "checklist": "https://ebird.org/checklist/S75442715"
   }
  },
  {
   "type": "Feature",
   "geometry": {
    "type": "Point",
    "coordinates": [
     -83.208449,
     39.915851
    ]
   },
   "properties": {
    "id": "S75631662|Northern Harrier",
    "common_name": "Northern Harrier",
    "scientific_name": "Circus hudsonius",
    "date": "2020-10-31",
    "time": "nan",
    "location": "Harrier loop",
    "count": "X",
    "checklist": "https://ebird.org/checklist/S75631662"
   }
  },
  {
   "type": "Feature",
   "geometry": {
    "type": "Point",
    "coordinates": [
     -83.213228,
     39.924715
    ]
   },
   "properties": {
    "id": "S75631116|Eastern Bluebird",
    "common_name": "Eastern Bluebird",
    "scientific_name": "Sialia sialis",
    "date": "2020-10-31",
    "time": "nan",
    "location": "Battelle park",
    "count": "X",
    "checklist": "https://ebird.org/checklist/S75631116"
   }
  },
  {
   "type": "Feature",
   "geometry": {
    "type": "Point",
    "coordinates": [
     -83.175916,
     41.603735
    ]
   },
   "properties": {
    "id": "S75994759|Dark-eyed Junco",
    "common_name": "Dark-eyed Junco",
    "scientific_name": "Junco hyemalis",
    "date": "2020-11-08",
    "time": "nan",
    "location": "Magee Marsh",
    "count": "X",
    "checklist": "https://ebird.org/checklist/S75994759"
   }
  },
  {
   "type": "Feature",
   "geometry": {
    "type": "Point",
    "coordinates": [
     -83.175916,
     41.603735
    ]
   },
   "properties": {
    "id": "S75994878|Trumpeter Swan",
    "common_name": "Trumpeter Swan",
    "scientific_name": "Cygnus buccinator",
    "date": "2020-11-08",
    "time": "nan",
    "location": "Magee Marsh",
    "count": "X",
    "checklist": "https://ebird.org/checklist/S75994878"
   }
  },
  {
   "type": "Feature",
   "geometry": {
    "type": "Point",
    "coordinates": [
     -83.175916,
     41.603735
    ]
   },
   "properties": {
    "id": "S75994906|Tundra Swan",
    "common_name": "Tundra Swan",
    "scientific_name": "Cygnus columbianus",
    "date": "2020-11-08",
    "time": "nan",
    "location": "Magee Marsh",
    "count": "X",
    "checklist": "https://ebird.org/checklist/S75994906"
   }
  },
  {
   "type": "Feature",
   "geometry": {
    "type": "Point",
    "coordinates": [
     -82.519334,
     41.366039
    ]
   },
   "properties": {
    "id": "S75986342|Bald Eagle",
    "common_name": "Bald Eagle",
    "scientific_name": "Haliaeetus leucocephalus",
    "date": "2020-11-08",
    "time": "nan",
    "location": "Driving By New London",
    "count": "X",
    "checklist": "https://ebird.org/checklist/S75986342"
   }
  },
  {
   "type": "Feature",
   "geometry": {
    "type": "Point",
    "coordinates": [
     -82.519334,
     41.366039
    ]
   },
   "properties": {
    "id": "S76517072|Cooper's Hawk",
    "common_name": "Cooper's Hawk",
    "scientific_name": "Astur cooperii",
    "date": "2020-11-21",
    "time": "nan",
    "location": "Driving By New London",
    "count": "X",
    "checklist": "https://ebird.org/checklist/S76517072"
   }
  },
  {
   "type": "Feature",
   "geometry": {
    "type": "Point",
    "coordinates": [
     -83.1453896,
     41.5040779
    ]
   },
   "properties": {
    "id": "S76825171|Great Egret",
    "common_name": "Great Egret",
    "scientific_name": "Ardea alba",
    "date": "2020-11-22",
    "time": "11:00 AM",
    "location": "Portage River @ OH-19, Oak Harbor",
    "count": "1",
    "checklist": "https://ebird.org/checklist/S76825171"
   }
  },
  {
   "type": "Feature",
   "geometry": {
    "type": "Point",
    "coordinates": [
     -83.1453896,
     41.5040779
    ]
   },
   "properties": {
    "id": "S76825171|European Starling",
    "common_name": "European Starling",
    "scientific_name": "Sturnus vulgaris",
    "date": "2020-11-22",
    "time": "11:00 AM",
    "location": "Portage River @ OH-19, Oak Harbor",
    "count": "20",
    "checklist": "https://ebird.org/checklist/S76825171"
   }
  },
  {
   "type": "Feature",
   "geometry": {
    "type": "Point",
    "coordinates": [
     -83.1453896,
     41.5040779
    ]
   },
   "properties": {
    "id": "S76825171|Mourning Dove",
    "common_name": "Mourning Dove",
    "scientific_name": "Zenaida macroura",
    "date": "2020-11-22",
    "time": "11:00 AM",
    "location": "Portage River @ OH-19, Oak Harbor",
    "count": "4",
    "checklist": "https://ebird.org/checklist/S76825171"
   }
  },
  {
   "type": "Feature",
   "geometry": {
    "type": "Point",
    "coordinates": [
     -83.1453896,
     41.5040779
    ]
   },
   "properties": {
    "id": "S76825171|Mallard",
    "common_name": "Mallard",
    "scientific_name": "Anas platyrhynchos",
    "date": "2020-11-22",
    "time": "11:00 AM",
    "location": "Portage River @ OH-19, Oak Harbor",
    "count": "20",
    "checklist": "https://ebird.org/checklist/S76825171"
   }
  },
  {
   "type": "Feature",
   "geometry": {
    "type": "Point",
    "coordinates": [
     -83.1453896,
     41.5040779
    ]
   },
   "properties": {
    "id": "S76825171|Bald Eagle",
    "common_name": "Bald Eagle",
    "scientific_name": "Haliaeetus leucocephalus",
    "date": "2020-11-22",
    "time": "11:00 AM",
    "location": "Portage River @ OH-19, Oak Harbor",
    "count": "3",
    "checklist": "https://ebird.org/checklist/S76825171"
   }
  },
  {
   "type": "Feature",
   "geometry": {
    "type": "Point",
    "coordinates": [
     -83.1453896,
     41.5040779
    ]
   },
   "properties": {
    "id": "S76825171|American Crow",
    "common_name": "American Crow",
    "scientific_name": "Corvus brachyrhynchos",
    "date": "2020-11-22",
    "time": "11:00 AM",
    "location": "Portage River @ OH-19, Oak Harbor",
    "count": "3",
    "checklist": "https://ebird.org/checklist/S76825171"
   }
  },
  {
   "type": "Feature",
   "geometry": {
    "type": "Point",
    "coordinates": [
     -83.1453896,
     41.5040779
    ]
   },
   "properties": {
    "id": "S76825171|Rusty Blackbird",
    "common_name": "Rusty Blackbird",
    "scientific_name": "Euphagus carolinus",
    "date": "2020-11-22",
    "time": "11:00 AM",
    "location": "Portage River @ OH-19, Oak Harbor",
    "count": "8",
    "checklist": "https://ebird.org/checklist/S76825171"
   }
  },
  {
   "type": "Feature",
   "geometry": {
    "type": "Point",
    "coordinates": [
     -83.1453896,
     41.5040779
    ]
   },
   "properties": {
    "id": "S76825171|Tundra Swan",
    "common_name": "Tundra Swan",
    "scientific_name": "Cygnus columbianus",
    "date": "2020-11-22",
    "time": "11:00 AM",
    "location": "Portage River @ OH-19, Oak Harbor",
    "count": "150",
    "checklist": "https://ebird.org/checklist/S76825171"
   }
  },
  {
   "type": "Feature",
   "geometry": {
    "type": "Point",
    "coordinates": [
     -83.1453896,
     41.5040779
    ]
   },
   "properties": {
    "id": "S76825171|Great Blue Heron",
    "common_name": "Great Blue Heron",
    "scientific_name": "Ardea herodias",
    "date": "2020-11-22",
    "time": "11:00 AM",
    "location": "Portage River @ OH-19, Oak Harbor",
    "count": "2",
    "checklist": "https://ebird.org/checklist/S76825171"
   }
  },
  {
   "type": "Feature",
   "geometry": {
    "type": "Point",
    "coordinates": [
     -82.603123,
     41.413151
    ]
   },
   "properties": {
    "id": "S76825049|American Robin",
    "common_name": "American Robin",
    "scientific_name": "Turdus migratorius",
    "date": "2020-11-26",
    "time": "11:00 AM",
    "location": "Sheldon preserve",
    "count": "3",
    "checklist": "https://ebird.org/checklist/S76825049"
   }
  },
  {
   "type": "Feature",
   "geometry": {
    "type": "Point",
    "coordinates": [
     -82.987125,
     40.091136
    ]
   },
   "properties": {
    "id": "S76708458|Gadwall",
    "common_name": "Gadwall",
    "scientific_name": "Mareca strepera",
    "date": "2020-11-26",
    "time": "10:40 AM",
    "location": "Sheldon Preserve",
    "count": "X",
    "checklist": "https://ebird.org/checklist/S76708458"
   }
  },
  {
   "type": "Feature",
   "geometry": {
    "type": "Point",
    "coordinates": [
     -82.603123,
     41.413151
    ]
   },
   "properties": {
    "id": "S76824850|American Kestrel",
    "common_name": "American Kestrel",
    "scientific_name": "Falco sparverius",
    "date": "2020-11-26",
    "time": "11:00 AM",
    "location": "Sheldon preserve",
    "count": "3",
    "checklist": "https://ebird.org/checklist/S76824850"
   }
  },
  {
   "type": "Feature",
   "geometry": {
    "type": "Point",
    "coordinates": [
     -82.603123,
     41.413151
    ]
   },
   "properties": {
    "id": "S76825049|Downy Woodpecker",
    "common_name": "Downy Woodpecker",
    "scientific_name": "Dryobates pubescens",
    "date": "2020-11-26",
    "time": "11:00 AM",
    "location": "Sheldon preserve",
    "count": "2",
    "checklist": "https://ebird.org/checklist/S76825049"
   }
  },
  {
   "type": "Feature",
   "geometry": {
    "type": "Point",
    "coordinates": [
     -82.603123,
     41.413151
    ]
   },
   "properties": {
    "id": "S76825049|American Kestrel",
    "common_name": "American Kestrel",
    "scientific_name": "Falco sparverius",
    "date": "2020-11-26",
    "time": "11:00 AM",
    "location": "Sheldon preserve",
    "count": "2",
    "checklist": "https://ebird.org/checklist/S76825049"
   }
  },
  {
   "type": "Feature",
   "geometry": {
    "type": "Point",
    "coordinates": [
     -82.603123,
     41.413151
    ]
   },
   "properties": {
    "id": "S76825049|Gadwall",
    "common_name": "Gadwall",
    "scientific_name": "Mareca strepera",
    "date": "2020-11-26",
    "time": "11:00 AM",
    "location": "Sheldon preserve",
    "count": "40",
    "checklist": "https://ebird.org/checklist/S76825049"
   }
  },
  {
   "type": "Feature",
   "geometry": {
    "type": "Point",
    "coordinates": [
     -82.603123,
     41.413151
    ]
   },
   "properties": {
    "id": "S76824850|Gadwall",
    "common_name": "Gadwall",
    "scientific_name": "Mareca strepera",
    "date": "2020-11-26",
    "time": "11:00 AM",
    "location": "Sheldon preserve",
    "count": "50",
    "checklist": "https://ebird.org/checklist/S76824850"
   }
  },
  {
   "type": "Feature",
   "geometry": {
    "type": "Point",
    "coordinates": [
     -82.603123,
     41.413151
    ]
   },
   "properties": {
    "id": "S76825049|Ring-billed Gull",
    "common_name": "Ring-billed Gull",
    "scientific_name": "Larus delawarensis",
    "date": "2020-11-26",
    "time": "11:00 AM",
    "location": "Sheldon preserve",
    "count": "8",
    "checklist": "https://ebird.org/checklist/S76825049"
   }
  },
  {
   "type": "Feature",
   "geometry": {
    "type": "Point",
    "coordinates": [
     -82.603123,
     41.413151
    ]
   },
   "properties": {
    "id": "S76824850|Hairy Woodpecker",
    "common_name": "Hairy Woodpecker",
    "scientific_name": "Leuconotopicus villosus",
    "date": "2020-11-26",
    "time": "11:00 AM",
    "location": "Sheldon preserve",
    "count": "2",
    "checklist": "https://ebird.org/checklist/S76824850"
   }
  },
  {
   "type": "Feature",
   "geometry": {
    "type": "Point",
    "coordinates": [
     -82.603123,
     41.413151
    ]
   },
   "properties": {
    "id": "S76824850|Ring-billed Gull",
    "common_name": "Ring-billed Gull",
    "scientific_name": "Larus delawarensis",
    "date": "2020-11-26",
    "time": "11:00 AM",
    "location": "Sheldon preserve",
    "count": "10",
    "checklist": "https://ebird.org/checklist/S76824850"
   }
  },
  {
   "type": "Feature",
   "geometry": {
    "type": "Point",
    "coordinates": [
     -82.603123,
     41.413151
    ]
   },
   "properties": {
    "id": "S76824850|Canada Goose",
    "common_name": "Canada Goose",
    "scientific_name": "Branta canadensis",
    "date": "2020-11-26",
    "time": "11:00 AM",
    "location": "Sheldon preserve",
    "count": "5",
    "checklist": "https://ebird.org/checklist/S76824850"
   }
  },
  {
   "type": "Feature",
   "geometry": {
    "type": "Point",
    "coordinates": [
     -82.603123,
     41.413151
    ]
   },
   "properties": {
    "id": "S76825049|Pileated Woodpecker",
    "common_name": "Pileated Woodpecker",
    "scientific_name": "Dryocopus pileatus",
    "date": "2020-11-26",
    "time": "11:00 AM",
    "location": "Sheldon preserve",
    "count": "1",
    "checklist": "https://ebird.org/checklist/S76825049"
   }
  },
  {
   "type": "Feature",
   "geometry": {
    "type": "Point",
    "coordinates": [
     -82.410575,
     41.18027
    ]
   },
   "properties": {
    "id": "S76712407|American Crow",
    "common_name": "American Crow",
    "scientific_name": "Corvus brachyrhynchos",
    "date": "2020-11-26",
    "time": "nan",
    "location": ".",
    "count": "X",
    "checklist": "https://ebird.org/checklist/S76712407"
   }
  },
  {
   "type": "Feature",
   "geometry": {
    "type": "Point",
    "coordinates": [
     -82.517414,
     41.357968
    ]
   },
   "properties": {
    "id": "S76712674|American Robin",
    "common_name": "American Robin",
    "scientific_name": "Turdus migratorius",
    "date": "2020-11-26",
    "time": "nan",
    "location": "Driving Home From Sheldon",
    "count": "X",
    "checklist": "https://ebird.org/checklist/S76712674"
   }
  },
  {
   "type": "Feature",
   "geometry": {
    "type": "Point",
    "coordinates": [
     -82.603123,
     41.413151
    ]
   },
   "properties": {
    "id": "S76824850|American Crow",
    "common_name": "American Crow",
    "scientific_name": "Corvus brachyrhynchos",
    "date": "2020-11-26",
    "time": "11:00 AM",
    "location": "Sheldon preserve",
    "count": "3",
    "checklist": "https://ebird.org/checklist/S76824850"
   }
  },
  {
   "type": "Feature",
   "geometry": {
    "type": "Point",
    "coordinates": [
     -82.603123,
     41.413151
    ]
   },
   "properties": {
    "id": "S76824850|Wood Duck",
    "common_name": "Wood Duck",
    "scientific_name": "Aix sponsa",
    "date": "2020-11-26",
    "time": "11:00 AM",
    "location": "Sheldon preserve",
    "count": "2",
    "checklist": "https://ebird.org/checklist/S76824850"
   }
  },
  {
   "type": "Feature",
   "geometry": {
    "type": "Point",
    "coordinates": [
     -82.603123,
     41.413151
    ]
   },
   "properties": {
    "id": "S76825049|Blue Jay",
    "common_name": "Blue Jay",
    "scientific_name": "Cyanocitta cristata",
    "date": "2020-11-26",
    "time": "11:00 AM",
    "location": "Sheldon preserve",
    "count": "12",
    "checklist": "https://ebird.org/checklist/S76825049"
   }
  },
  {
   "type": "Feature",
   "geometry": {
    "type": "Point",
    "coordinates": [
     -82.603123,
     41.413151
    ]
   },
   "properties": {
    "id": "S76824850|Red-tailed Hawk",
    "common_name": "Red-tailed Hawk",
    "scientific_name": "Buteo jamaicensis",
    "date": "2020-11-26",
    "time": "11:00 AM",
    "location": "Sheldon preserve",
    "count": "1",
    "checklist": "https://ebird.org/checklist/S76824850"
   }
  },
  {
   "type": "Feature",
   "geometry": {
    "type": "Point",
    "coordinates": [
     -82.603123,
     41.413151
    ]
   },
   "properties": {
    "id": "S76825049|Red-tailed Hawk",
    "common_name": "Red-tailed Hawk",
    "scientific_name": "Buteo jamaicensis",
    "date": "2020-11-26",
    "time": "11:00 AM",
    "location": "Sheldon preserve",
    "count": "1",
    "checklist": "https://ebird.org/checklist/S76825049"
   }
  },
  {
   "type": "Feature",
   "geometry": {
    "type": "Point",
    "coordinates": [
     -82.603123,
     41.413151
    ]
   },
   "properties": {
    "id": "S76825049|Hairy Woodpecker",
    "common_name": "Hairy Woodpecker",
    "scientific_name": "Leuconotopicus villosus",
    "date": "2020-11-26",
    "time": "11:00 AM",
    "location": "Sheldon preserve",
    "count": "1",
    "checklist": "https://ebird.org/checklist/S76825049"
   }
  },
  {
   "type": "Feature",
   "geometry": {
    "type": "Point",
    "coordinates": [
     -82.603123,
     41.413151
    ]
   },
   "properties": {
    "id": "S76825049|Wood Duck",
    "common_name": "Wood Duck",
    "scientific_name": "Aix sponsa",
    "date": "2020-11-26",
    "time": "11:00 AM",
    "location": "Sheldon preserve",
    "count": "2",
    "checklist": "https://ebird.org/checklist/S76825049"
   }
  },
  {
   "type": "Feature",
   "geometry": {
    "type": "Point",
    "coordinates": [
     -82.410575,
     41.18027
    ]
   },
   "properties": {
    "id": "S76712443|Hairy Woodpecker",
    "common_name": "Hairy Woodpecker",
    "scientific_name": "Leuconotopicus villosus",
    "date": "2020-11-26",
    "time": "nan",
    "location": ".",
    "count": "X",
    "checklist": "https://ebird.org/checklist/S76712443"
   }
  },
  {
   "type": "Feature",
   "geometry": {
    "type": "Point",
    "coordinates": [
     -82.603123,
     41.413151
    ]
   },
   "properties": {
    "id": "S76824850|Blue Jay",
    "common_name": "Blue Jay",
    "scientific_name": "Cyanocitta cristata",
    "date": "2020-11-26",
    "time": "11:00 AM",
    "location": "Sheldon preserve",
    "count": "12",
    "checklist": "https://ebird.org/checklist/S76824850"
   }
  },
  {
   "type": "Feature",
   "geometry": {
    "type": "Point",
    "coordinates": [
     -82.603123,
     41.413151
    ]
   },
   "properties": {
    "id": "S76824850|Downy Woodpecker",
    "common_name": "Downy Woodpecker",
    "scientific_name": "Dryobates pubescens",
    "date": "2020-11-26",
    "time": "11:00 AM",
    "location": "Sheldon preserve",
    "count": "1",
    "checklist": "https://ebird.org/checklist/S76824850"
   }
  },
  {
   "type": "Feature",
   "geometry": {
    "type": "Point",
    "coordinates": [
     -82.603123,
     41.413151
    ]
   },
   "properties": {
    "id": "S76824850|Northern Flicker",
    "common_name": "Northern Flicker",
    "scientific_name": "Colaptes auratus",
    "date": "2020-11-26",
    "time": "11:00 AM",
    "location": "Sheldon preserve",
    "count": "1",
    "checklist": "https://ebird.org/checklist/S76824850"
   }
  },
  {
   "type": "Feature",
   "geometry": {
    "type": "Point",
    "coordinates": [
     -82.603123,
     41.413151
    ]
   },
   "properties": {
    "id": "S76825049|Golden-crowned Kinglet",
    "common_name": "Golden-crowned Kinglet",
    "scientific_name": "Regulus satrapa",
    "date": "2020-11-26",
    "time": "11:00 AM",
    "location": "Sheldon preserve",
    "count": "1",
    "checklist": "https://ebird.org/checklist/S76825049"
   }
  },
  {
   "type": "Feature",
   "geometry": {
    "type": "Point",
    "coordinates": [
     -82.603123,
     41.413151
    ]
   },
   "properties": {
    "id": "S76824850|Hooded Merganser",
    "common_name": "Hooded Merganser",
    "scientific_name": "Lophodytes cucullatus",
    "date": "2020-11-26",
    "time": "11:00 AM",
    "location": "Sheldon preserve",
    "count": "4",
    "checklist": "https://ebird.org/checklist/S76824850"
   }
  },
  {
   "type": "Feature",
   "geometry": {
    "type": "Point",
    "coordinates": [
     -82.603123,
     41.413151
    ]
   },
   "properties": {
    "id": "S76824850|Bald Eagle",
    "common_name": "Bald Eagle",
    "scientific_name": "Haliaeetus leucocephalus",
    "date": "2020-11-26",
    "time": "11:00 AM",
    "location": "Sheldon preserve",
    "count": "2",
    "checklist": "https://ebird.org/checklist/S76824850"
   }
  },
  {
   "type": "Feature",
   "geometry": {
    "type": "Point",
    "coordinates": [
     -82.603123,
     41.413151
    ]
   },
   "properties": {
    "id": "S76825049|Bald Eagle",
    "common_name": "Bald Eagle",
    "scientific_name": "Haliaeetus leucocephalus",
    "date": "2020-11-26",
    "time": "11:00 AM",
    "location": "Sheldon preserve",
    "count": "1",
    "checklist": "https://ebird.org/checklist/S76825049"
   }
  },
  {
   "type": "Feature",
   "geometry": {
    "type": "Point",
    "coordinates": [
     -82.477957,
     41.210801
    ]
   },
   "properties": {
    "id": "S76712220|Bald Eagle",
    "common_name": "Bald Eagle",
    "scientific_name": "Haliaeetus leucocephalus",
    "date": "2020-11-26",
    "time": "nan",
    "location": ".",
    "count": "X",
    "checklist": "https://ebird.org/checklist/S76712220"
   }
  },
  {
   "type": "Feature",
   "geometry": {
    "type": "Point",
    "coordinates": [
     -82.603123,
     41.413151
    ]
   },
   "properties": {
    "id": "S76825049|European Starling",
    "common_name": "European Starling",
    "scientific_name": "Sturnus vulgaris",
    "date": "2020-11-26",
    "time": "11:00 AM",
    "location": "Sheldon preserve",
    "count": "14",
    "checklist": "https://ebird.org/checklist/S76825049"
   }
  },
  {
   "type": "Feature",
   "geometry": {
    "type": "Point",
    "coordinates": [
     -82.603123,
     41.413151
    ]
   },
   "properties": {
    "id": "S76825049|Mallard",
    "common_name": "Mallard",
    "scientific_name": "Anas platyrhynchos",
    "date": "2020-11-26",
    "time": "11:00 AM",
    "location": "Sheldon preserve",
    "count": "100",
    "checklist": "https://ebird.org/checklist/S76825049"
   }
  },
  {
   "type": "Feature",
   "geometry": {
    "type": "Point",
    "coordinates": [
     -82.603123,
     41.413151
    ]
   },
   "properties": {
    "id": "S76824850|Mourning Dove",
    "common_name": "Mourning Dove",
    "scientific_name": "Zenaida macroura",
    "date": "2020-11-26",
    "time": "11:00 AM",
    "location": "Sheldon preserve",
    "count": "3",
    "checklist": "https://ebird.org/checklist/S76824850"
   }
  },
  {
   "type": "Feature",
   "geometry": {
    "type": "Point",
    "coordinates": [
     -82.603123,
     41.413151
    ]
   },
   "properties": {
    "id": "S76825049|Mourning Dove",
    "common_name": "Mourning Dove",
    "scientific_name": "Zenaida macroura",
    "date": "2020-11-26",
    "time": "11:00 AM",
    "location": "Sheldon preserve",
    "count": "3",
    "checklist": "https://ebird.org/checklist/S76825049"
   }
  },
  {
   "type": "Feature",
   "geometry": {
    "type": "Point",
    "coordinates": [
     -82.603123,
     41.413151
    ]
   },
   "properties": {
    "id": "S76825049|Red-breasted Nuthatch",
    "common_name": "Red-breasted Nuthatch",
    "scientific_name": "Sitta canadensis",
    "date": "2020-11-26",
    "time": "11:00 AM",
    "location": "Sheldon preserve",
    "count": "1",
    "checklist": "https://ebird.org/checklist/S76825049"
   }
  },
  {
   "type": "Feature",
   "geometry": {
    "type": "Point",
    "coordinates": [
     -82.603123,
     41.413151
    ]
   },
   "properties": {
    "id": "S76824850|European Starling",
    "common_name": "European Starling",
    "scientific_name": "Sturnus vulgaris",
    "date": "2020-11-26",
    "time": "11:00 AM",
    "location": "Sheldon preserve",
    "count": "14",
    "checklist": "https://ebird.org/checklist/S76824850"
   }
  },
  {
   "type": "Feature",
   "geometry": {
    "type": "Point",
    "coordinates": [
     -82.603123,
     41.413151
    ]
   },
   "properties": {
    "id": "S76825049|Hooded Merganser",
    "common_name": "Hooded Merganser",
    "scientific_name": "Lophodytes cucullatus",
    "date": "2020-11-26",
    "time": "11:00 AM",
    "location": "Sheldon preserve",
    "count": "4",
    "checklist": "https://ebird.org/checklist/S76825049"
   }
  },
  {
   "type": "Feature",
   "geometry": {
    "type": "Point",
    "coordinates": [
     -82.603123,
     41.413151
    ]
   },
   "properties": {
    "id": "S76824850|Mallard",
    "common_name": "Mallard",
    "scientific_name": "Anas platyrhynchos",
    "date": "2020-11-26",
    "time": "11:00 AM",
    "location": "Sheldon preserve",
    "count": "100",
    "checklist": "https://ebird.org/checklist/S76824850"
   }
  },
  {
   "type": "Feature",
   "geometry": {
    "type": "Point",
    "coordinates": [
     -82.603123,
     41.413151
    ]
   },
   "properties": {
    "id": "S76824850|Northern Cardinal",
    "common_name": "Northern Cardinal",
    "scientific_name": "Cardinalis cardinalis",
    "date": "2020-11-26",
    "time": "11:00 AM",
    "location": "Sheldon preserve",
    "count": "4",
    "checklist": "https://ebird.org/checklist/S76824850"
   }
  },
  {
   "type": "Feature",
   "geometry": {
    "type": "Point",
    "coordinates": [
     -82.603123,
     41.413151
    ]
   },
   "properties": {
    "id": "S76825049|Northern Cardinal",
    "common_name": "Northern Cardinal",
    "scientific_name": "Cardinalis cardinalis",
    "date": "2020-11-26",
    "time": "11:00 AM",
    "location": "Sheldon preserve",
    "count": "2",
    "checklist": "https://ebird.org/checklist/S76825049"
   }
  },
  {
   "type": "Feature",
   "geometry": {
    "type": "Point",
    "coordinates": [
     -82.603123,
     41.413151
    ]
   },
   "properties": {
    "id": "S76825049|Turkey Vulture",
    "common_name": "Turkey Vulture",
    "scientific_name": "Cathartes aura",
    "date": "2020-11-26",
    "time": "11:00 AM",
    "location": "Sheldon preserve",
    "count": "2",
    "checklist": "https://ebird.org/checklist/S76825049"
   }
  },
  {
   "type": "Feature",
   "geometry": {
    "type": "Point",
    "coordinates": [
     -82.603123,
     41.413151
    ]
   },
   "properties": {
    "id": "S76825049|Red-bellied Woodpecker",
    "common_name": "Red-bellied Woodpecker",
    "scientific_name": "Melanerpes carolinus",
    "date": "2020-11-26",
    "time": "11:00 AM",
    "location": "Sheldon preserve",
    "count": "1",
    "checklist": "https://ebird.org/checklist/S76825049"
   }
  },
  {
   "type": "Feature",
   "geometry": {
    "type": "Point",
    "coordinates": [
     -82.517414,
     41.357968
    ]
   },
   "properties": {
    "id": "S76712512|Downy Woodpecker",
    "common_name": "Downy Woodpecker",
    "scientific_name": "Dryobates pubescens",
    "date": "2020-11-26",
    "time": "nan",
    "location": "Driving Home From Sheldon",
    "count": "X",
    "checklist": "https://ebird.org/checklist/S76712512"
   }
  },
  {
   "type": "Feature",
   "geometry": {
    "type": "Point",
    "coordinates": [
     -82.603123,
     41.413151
    ]
   },
   "properties": {
    "id": "S76824850|American Wigeon",
    "common_name": "American Wigeon",
    "scientific_name": "Mareca americana",
    "date": "2020-11-26",
    "time": "11:00 AM",
    "location": "Sheldon preserve",
    "count": "1",
    "checklist": "https://ebird.org/checklist/S76824850"
   }
  },
  {
   "type": "Feature",
   "geometry": {
    "type": "Point",
    "coordinates": [
     -82.603123,
     41.413151
    ]
   },
   "properties": {
    "id": "S76825049|Black-capped Chickadee",
    "common_name": "Black-capped Chickadee",
    "scientific_name": "Poecile atricapillus",
    "date": "2020-11-26",
    "time": "11:00 AM",
    "location": "Sheldon preserve",
    "count": "1",
    "checklist": "https://ebird.org/checklist/S76825049"
   }
  },
  {
   "type": "Feature",
   "geometry": {
    "type": "Point",
    "coordinates": [
     -82.519334,
     41.366039
    ]
   },
   "properties": {
    "id": "S76708074|American Wigeon",
    "common_name": "American Wigeon",
    "scientific_name": "Mareca americana",
    "date": "2020-11-26",
    "time": "nan",
    "location": "Driving By New London",
    "count": "X",
    "checklist": "https://ebird.org/checklist/S76708074"
   }
  },
  {
   "type": "Feature",
   "geometry": {
    "type": "Point",
    "coordinates": [
     -82.603123,
     41.413151
    ]
   },
   "properties": {
    "id": "S76824850|Red-bellied Woodpecker",
    "common_name": "Red-bellied Woodpecker",
    "scientific_name": "Melanerpes carolinus",
    "date": "2020-11-26",
    "time": "11:00 AM",
    "location": "Sheldon preserve",
    "count": "1",
    "checklist": "https://ebird.org/checklist/S76824850"
   }
  },
  {
   "type": "Feature",
   "geometry": {
    "type": "Point",
    "coordinates": [
     -82.603123,
     41.413151
    ]
   },
   "properties": {
    "id": "S76824850|Red-breasted Nuthatch",
    "common_name": "Red-breasted Nuthatch",
    "scientific_name": "Sitta canadensis",
    "date": "2020-11-26",
    "time": "11:00 AM",
    "location": "Sheldon preserve",
    "count": "1",
    "checklist": "https://ebird.org/checklist/S76824850"
   }
  },
  {
   "type": "Feature",
   "geometry": {
    "type": "Point",
    "coordinates": [
     -82.9620123,
     40.1841193
    ]
   },
   "properties": {
    "id": "S76823953|European Starling",
    "common_name": "European Starling",
    "scientific_name": "Sturnus vulgaris",
    "date": "2020-11-28",
    "time": "02:00 PM",
    "location": "Alum Creek SP--Spillway",
    "count": "15",
    "checklist": "https://ebird.org/checklist/S76823953"
   }
  },
  {
   "type": "Feature",
   "geometry": {
    "type": "Point",
    "coordinates": [
     -82.9620123,
     40.1841193
    ]
   },
   "properties": {
    "id": "S76823953|Cooper's Hawk",
    "common_name": "Cooper's Hawk",
    "scientific_name": "Astur cooperii",
    "date": "2020-11-28",
    "time": "02:00 PM",
    "location": "Alum Creek SP--Spillway",
    "count": "1",
    "checklist": "https://ebird.org/checklist/S76823953"
   }
  },
  {
   "type": "Feature",
   "geometry": {
    "type": "Point",
    "coordinates": [
     -82.9620123,
     40.1841193
    ]
   },
   "properties": {
    "id": "S76823953|Snowy Owl",
    "common_name": "Snowy Owl",
    "scientific_name": "Bubo scandiacus",
    "date": "2020-11-28",
    "time": "02:00 PM",
    "location": "Alum Creek SP--Spillway",
    "count": "1",
    "checklist": "https://ebird.org/checklist/S76823953"
   }
  },
  {
   "type": "Feature",
   "geometry": {
    "type": "Point",
    "coordinates": [
     -82.9620123,
     40.1841193
    ]
   },
   "properties": {
    "id": "S76823953|Turkey Vulture",
    "common_name": "Turkey Vulture",
    "scientific_name": "Cathartes aura",
    "date": "2020-11-28",
    "time": "02:00 PM",
    "location": "Alum Creek SP--Spillway",
    "count": "2",
    "checklist": "https://ebird.org/checklist/S76823953"
   }
  },
  {
   "type": "Feature",
   "geometry": {
    "type": "Point",
    "coordinates": [
     -82.9620123,
     40.1841193
    ]
   },
   "properties": {
    "id": "S76823953|Carolina Chickadee",
    "common_name": "Carolina Chickadee",
    "scientific_name": "Poecile carolinensis",
    "date": "2020-11-28",
    "time": "02:00 PM",
    "location": "Alum Creek SP--Spillway",
    "count": "4",
    "checklist": "https://ebird.org/checklist/S76823953"
   }
  },
  {
   "type": "Feature",
   "geometry": {
    "type": "Point",
    "coordinates": [
     -82.9620123,
     40.1841193
    ]
   },
   "properties": {
    "id": "S76823953|Northern Harrier",
    "common_name": "Northern Harrier",
    "scientific_name": "Circus hudsonius",
    "date": "2020-11-28",
    "time": "02:00 PM",
    "location": "Alum Creek SP--Spillway",
    "count": "1",
    "checklist": "https://ebird.org/checklist/S76823953"
   }
  },
  {
   "type": "Feature",
   "geometry": {
    "type": "Point",
    "coordinates": [
     -82.9620123,
     40.1841193
    ]
   },
   "properties": {
    "id": "S76823953|Tufted Titmouse",
    "common_name": "Tufted Titmouse",
    "scientific_name": "Baeolophus bicolor",
    "date": "2020-11-28",
    "time": "02:00 PM",
    "location": "Alum Creek SP--Spillway",
    "count": "1",
    "checklist": "https://ebird.org/checklist/S76823953"
   }
  },
  {
   "type": "Feature",
   "geometry": {
    "type": "Point",
    "coordinates": [
     -82.9620123,
     40.1841193
    ]
   },
   "properties": {
    "id": "S76823953|Northern Cardinal",
    "common_name": "Northern Cardinal",
    "scientific_name": "Cardinalis cardinalis",
    "date": "2020-11-28",
    "time": "02:00 PM",
    "location": "Alum Creek SP--Spillway",
    "count": "2",
    "checklist": "https://ebird.org/checklist/S76823953"
   }
  },
  {
   "type": "Feature",
   "geometry": {
    "type": "Point",
    "coordinates": [
     -82.558306,
     41.369867
    ]
   },
   "properties": {
    "id": "S77445120|Double-crested Cormorant",
    "common_name": "Double-crested Cormorant",
    "scientific_name": "Nannopterum auritum",
    "date": "2020-12-13",
    "time": "nan",
    "location": "Sheldon Preserve",
    "count": "X",
    "checklist": "https://ebird.org/checklist/S77445120"
   }
  },
  {
   "type": "Feature",
   "geometry": {
    "type": "Point",
    "coordinates": [
     -82.60186,
     41.412223
    ]
   },
   "properties": {
    "id": "S77443708|Carolina Wren",
    "common_name": "Carolina Wren",
    "scientific_name": "Thryothorus ludovicianus",
    "date": "2020-12-13",
    "time": "nan",
    "location": "Sheldon Preserve",
    "count": "X",
    "checklist": "https://ebird.org/checklist/S77443708"
   }
  },
  {
   "type": "Feature",
   "geometry": {
    "type": "Point",
    "coordinates": [
     -82.399431,
     41.084449
    ]
   },
   "properties": {
    "id": "S77444968|Song Sparrow",
    "common_name": "Song Sparrow",
    "scientific_name": "Melospiza melodia",
    "date": "2020-12-13",
    "time": "nan",
    "location": "New London Downtown",
    "count": "X",
    "checklist": "https://ebird.org/checklist/S77444968"
   }
  },
  {
   "type": "Feature",
   "geometry": {
    "type": "Point",
    "coordinates": [
     -82.60186,
     41.412223
    ]
   },
   "properties": {
    "id": "S77443631|White-throated Sparrow",
    "common_name": "White-throated Sparrow",
    "scientific_name": "Zonotrichia albicollis",
    "date": "2020-12-13",
    "time": "nan",
    "location": "Sheldon Preserve",
    "count": "X",
    "checklist": "https://ebird.org/checklist/S77443631"
   }
  },
  {
   "type": "Feature",
   "geometry": {
    "type": "Point",
    "coordinates": [
     -82.603123,
     41.413151
    ]
   },
   "properties": {
    "id": "S77441234|Northern Shoveler",
    "common_name": "Northern Shoveler",
    "scientific_name": "Spatula clypeata",
    "date": "2020-12-13",
    "time": "nan",
    "location": "Sheldon preserve",
    "count": "X",
    "checklist": "https://ebird.org/checklist/S77441234"
   }
  },
  {
   "type": "Feature",
   "geometry": {
    "type": "Point",
    "coordinates": [
     -83.050453,
     40.006749
    ]
   },
   "properties": {
    "id": "S77662296|White-crowned Sparrow",
    "common_name": "White-crowned Sparrow",
    "scientific_name": "Zonotrichia leucophrys",
    "date": "2020-12-19",
    "time": "nan",
    "location": "Vet",
    "count": "X",
    "checklist": "https://ebird.org/checklist/S77662296"
   }
  },
  {
   "type": "Feature",
   "geometry": {
    "type": "Point",
    "coordinates": [
     -83.050453,
     40.006749
    ]
   },
   "properties": {
    "id": "S77662357|Red-winged Blackbird",
    "common_name": "Red-winged Blackbird",
    "scientific_name": "Agelaius phoeniceus",
    "date": "2020-12-19",
    "time": "nan",
    "location": "Vet",
    "count": "X",
    "checklist": "https://ebird.org/checklist/S77662357"
   }
  },
  {
   "type": "Feature",
   "geometry": {
    "type": "Point",
    "coordinates": [
     -83.050453,
     40.006749
    ]
   },
   "properties": {
    "id": "S77662377|House Sparrow",
    "common_name": "House Sparrow",
    "scientific_name": "Passer domesticus",
    "date": "2020-12-19",
    "time": "nan",
    "location": "Vet",
    "count": "X",
    "checklist": "https://ebird.org/checklist/S77662377"
   }
  },
  {
   "type": "Feature",
   "geometry": {
    "type": "Point",
    "coordinates": [
     -83.050453,
     40.006749
    ]
   },
   "properties": {
    "id": "S77662313|House Finch",
    "common_name": "House Finch",
    "scientific_name": "Haemorhous mexicanus",
    "date": "2020-12-19",
    "time": "nan",
    "location": "Vet",
    "count": "X",
    "checklist": "https://ebird.org/checklist/S77662313"
   }
  },
  {
   "type": "Feature",
   "geometry": {
    "type": "Point",
    "coordinates": [
     -81.90982,
     40.544731
    ]
   },
   "properties": {
    "id": "S77757930|Cooper's Hawk",
    "common_name": "Cooper's Hawk",
    "scientific_name": "Astur cooperii",
    "date": "2020-12-20",
    "time": "nan",
    "location": "Fire Ridge Golf Course",
    "count": "X",
    "checklist": "https://ebird.org/checklist/S77757930"
   }
  },
  {
   "type": "Feature",
   "geometry": {
    "type": "Point",
    "coordinates": [
     -81.90982,
     40.544731
    ]
   },
   "properties": {
    "id": "S77743239|Tufted Titmouse",
    "common_name": "Tufted Titmouse",
    "scientific_name": "Baeolophus bicolor",
    "date": "2020-12-20",
    "time": "nan",
    "location": "Fire Ridge Golf Course",
    "count": "X",
    "checklist": "https://ebird.org/checklist/S77743239"
   }
  },
  {
   "type": "Feature",
   "geometry": {
    "type": "Point",
    "coordinates": [
     -81.90982,
     40.544731
    ]
   },
   "properties": {
    "id": "S77743375|American Goldfinch",
    "common_name": "American Goldfinch",
    "scientific_name": "Spinus tristis",
    "date": "2020-12-20",
    "time": "nan",
    "location": "Fire Ridge Golf Course",
    "count": "X",
    "checklist": "https://ebird.org/checklist/S77743375"
   }
  },
  {
   "type": "Feature",
   "geometry": {
    "type": "Point",
    "coordinates": [
     -82.354148,
     40.936852
    ]
   },
   "properties": {
    "id": "S77883706|Common Grackle",
    "common_name": "Common Grackle",
    "scientific_name": "Quiscalus quiscula",
    "date": "2020-12-23",
    "time": "nan",
    "location": "Ashland",
    "count": "X",
    "checklist": "https://ebird.org/checklist/S77883706"
   }
  },
  {
   "type": "Feature",
   "geometry": {
    "type": "Point",
    "coordinates": [
     -81.546089,
     40.564731
    ]
   },
   "properties": {
    "id": "S77954164|Rock Pigeon (Feral Pigeon)",
    "common_name": "Rock Pigeon (Feral Pigeon)",
    "scientific_name": "Columba livia (Feral Pigeon)",
    "date": "2020-12-25",
    "time": "nan",
    "location": "Barn",
    "count": "X",
    "checklist": "https://ebird.org/checklist/S77954164"
   }
  },
  {
   "type": "Feature",
   "geometry": {
    "type": "Point",
    "coordinates": [
     166.64,
     -77.84
    ]
   },
   "properties": {
    "id": "S001|Adelie Penguin",
    "common_name": "Adelie Penguin",
    "scientific_name": "Pygoscelis adeliae",
    "date": "2020-01-15",
    "time": "nan",
    "location": "McMurdo Station",
    "count": "12",
    "checklist": ""
   }
  },
  {
   "type": "Feature",
   "geometry": {
    "type": "Point",
    "coordinates": [
     -81.546089,
     40.564731
    ]
   },
   "properties": {
    "id": "S77954143|Eastern Screech-Owl",
    "common_name": "Eastern Screech-Owl",
    "scientific_name": "Megascops asio",
    "date": "2020-12-25",
    "time": "nan",
    "location": "Barn",
    "count": "X",
    "checklist": "https://ebird.org/checklist/S77954143"
   }
  },
  {
   "type": "Feature",
   "geometry": {
    "type": "Point",
    "coordinates": [
     -81.5634603,
     41.2898513
    ]
   },
   "properties": {
    "id": "S78040061|Evening Grosbeak",
    "common_name": "Evening Grosbeak",
    "scientific_name": "Hesperiphona vespertina",
    "date": "2020-12-26",
    "time": "01:30 PM",
    "location": "Cuyahoga Valley NP--Redlock North",
    "count": "2",
    "checklist": "https://ebird.org/checklist/S78040061"
   }
  },
  {
   "type": "Feature",
   "geometry": {
    "type": "Point",
    "coordinates": [
     -81.5634603,
     41.2898513
    ]
   },
   "properties": {
    "id": "S78040061|Carolina Wren",
    "common_name": "Carolina Wren",
    "scientific_name": "Thryothorus ludovicianus",
    "date": "2020-12-26",
    "time": "01:30 PM",
    "location": "Cuyahoga Valley NP--Redlock North",
    "count": "2",
    "checklist": "https://ebird.org/checklist/S78040061"
   }
  },
  {
   "type": "Feature",
   "geometry": {
    "type": "Point",
    "coordinates": [
     -81.5634603,
     41.2898513
    ]
   },
   "properties": {
    "id": "S78040061|Eastern Bluebird",
    "common_name": "Eastern Bluebird",
    "scientific_name": "Sialia sialis",
    "date": "2020-12-26",
    "time": "01:30 PM",
    "location": "Cuyahoga Valley NP--Redlock North",
    "count": "3",
    "checklist": "https://ebird.org/checklist/S78040061"
   }
  },
  {
   "type": "Feature",
   "geometry": {
    "type": "Point",
    "coordinates": [
     -81.5634603,
     41.2898513
    ]
   },
   "properties": {
    "id": "S78040061|Northern Cardinal",
    "common_name": "Northern Cardinal",
    "scientific_name": "Cardinalis cardinalis",
    "date": "2020-12-26",
    "time": "01:30 PM",
    "location": "Cuyahoga Valley NP--Redlock North",
    "count": "6",
    "checklist": "https://ebird.org/checklist/S78040061"
   }
  },
  {
   "type": "Feature",
   "geometry": {
    "type": "Point",
    "coordinates": [
     -81.5634603,
     41.2898513
    ]
   },
   "properties": {
    "id": "S78040061|White-breasted Nuthatch",
    "common_name": "White-breasted Nuthatch",
    "scientific_name": "Sitta carolinensis",
    "date": "2020-12-26",
    "time": "01:30 PM",
    "location": "Cuyahoga Valley NP--Redlock North",
    "count": "3",
    "checklist": "https://ebird.org/checklist/S78040061"
   }
  },
  {
   "type": "Feature",
   "geometry": {
    "type": "Point",
    "coordinates": [
     -81.5634603,
     41.2898513
    ]
   },
   "properties": {
    "id": "S78040061|European Starling",
    "common_name": "European Starling",
    "scientific_name": "Sturnus vulgaris",
    "date": "2020-12-26",
    "time": "01:30 PM",
    "location": "Cuyahoga Valley NP--Redlock North",
    "count": "3",
    "checklist": "https://ebird.org/checklist/S78040061"
   }
  },
  {
   "type": "Feature",
   "geometry": {
    "type": "Point",
    "coordinates": [
     -81.5634603,
     41.2898513
    ]
   },
   "properties": {
    "id": "S78040061|Blue Jay",
    "common_name": "Blue Jay",
    "scientific_name": "Cyanocitta cristata",
    "date": "2020-12-26",
    "time": "01:30 PM",
    "location": "Cuyahoga Valley NP--Redlock North",
    "count": "1",
    "checklist": "https://ebird.org/checklist/S78040061"
   }
  },
  {
   "type": "Feature",
   "geometry": {
    "type": "Point",
    "coordinates": [
     -81.5634603,
     41.2898513
    ]
   },
   "properties": {
    "id": "S78040061|Red-tailed Hawk",
    "common_name": "Red-tailed Hawk",
    "scientific_name": "Buteo jamaicensis",
    "date": "2020-12-26",
    "time": "01:30 PM",
    "location": "Cuyahoga Valley NP--Redlock North",
    "count": "2",
    "checklist": "https://ebird.org/checklist/S78040061"
   }
  },
  {
   "type": "Feature",
   "geometry": {
    "type": "Point",
    "coordinates": [
     -81.5634603,
     41.2898513
    ]
   },
   "properties": {
    "id": "S78040061|White-throated Sparrow",
    "common_name": "White-throated Sparrow",
    "scientific_name": "Zonotrichia albicollis",
    "date": "2020-12-26",
    "time": "01:30 PM",
    "location": "Cuyahoga Valley NP--Redlock North",
    "count": "1",
    "checklist": "https://ebird.org/checklist/S78040061"
   }
  },
  {
   "type": "Feature",
   "geometry": {
    "type": "Point",
    "coordinates": [
     -81.5634603,
     41.2898513
    ]
   },
   "properties": {
    "id": "S78040061|American Robin",
    "common_name": "American Robin",
    "scientific_name": "Turdus migratorius",
    "date": "2020-12-26",
    "time": "01:30 PM",
    "location": "Cuyahoga Valley NP--Redlock North",
    "count": "7",
    "checklist": "https://ebird.org/checklist/S78040061"
   }
  },
  {
   "type": "Feature",
   "geometry": {
    "type": "Point",
    "coordinates": [
     -81.5634603,
     41.2898513
    ]
   },
   "properties": {
    "id": "S78078592|American Tree Sparrow",
    "common_name": "American Tree Sparrow",
    "scientific_name": "Spizelloides arborea",
    "date": "2020-12-27",
    "time": "nan",
    "location": "Cuyahoga Valley NP--Redlock North",
    "count": "X",
    "checklist": "https://ebird.org/checklist/S78078592"
   }
  },
  {
   "type": "Feature",
   "geometry": {
    "type": "Point",
    "coordinates": [
     -81.546089,
     40.564731
    ]
   },
   "properties": {
    "id": "S78920156|Blue Jay",
    "common_name": "Blue Jay",
    "scientific_name": "Cyanocitta cristata",
    "date": "2021-01-09",
    "time": "nan",
    "location": "Barn",
    "count": "X",
    "checklist": "https://ebird.org/checklist/S78920156"
   }
  },
  {
   "type": "Feature",
   "geometry": {
    "type": "Point",
    "coordinates": [
     -81.546089,
     40.564731
    ]
   },
   "properties": {
    "id": "S78921564|Northern Cardinal",
    "common_name": "Northern Cardinal",
    "scientific_name": "Cardinalis cardinalis",
    "date": "2021-01-09",
    "time": "nan",
    "location": "Barn",
    "count": "X",
    "checklist": "https://ebird.org/checklist/S78921564"
   }
  },
  {
   "type": "Feature",
   "geometry": {
    "type": "Point",
    "coordinates": [
     -82.60186,
     41.412223
    ]
   },
   "properties": {
    "id": "S78921859|Red-tailed Hawk",
    "common_name": "Red-tailed Hawk",
    "scientific_name": "Buteo jamaicensis",
    "date": "2021-01-09",
    "time": "nan",
    "location": "Sheldon Preserve",
    "count": "X",
    "checklist": "https://ebird.org/checklist/S78921859"
   }
  },
  {
   "type": "Feature",
   "geometry": {
    "type": "Point",
    "coordinates": [
     -81.546089,
     40.564731
    ]
   },
   "properties": {
    "id": "S78919790|House Sparrow",
    "common_name": "House Sparrow",
    "scientific_name": "Passer domesticus",
    "date": "2021-01-09",
    "time": "nan",
    "location": "Barn",
    "count": "X",
    "checklist": "https://ebird.org/checklist/S78919790"
   }
  },
  {
   "type": "Feature",
   "geometry": {
    "type": "Point",
    "coordinates": [
     -81.546089,
     40.564731
    ]
   },
   "properties": {
    "id": "S78920270|European Starling",
    "common_name": "European Starling",
    "scientific_name": "Sturnus vulgaris",
    "date": "2021-01-09",
    "time": "nan",
    "location": "Barn",
    "count": "X",
    "checklist": "https://ebird.org/checklist/S78920270"
   }
  },
  {
   "type": "Feature",
   "geometry": {
    "type": "Point",
    "coordinates": [
     -81.546089,
     40.564731
    ]
   },
   "properties": {
    "id": "S78920354|Red-bellied Woodpecker",
    "common_name": "Red-bellied Woodpecker",
    "scientific_name": "Melanerpes carolinus",
    "date": "2021-01-09",
    "time": "nan",
    "location": "Barn",
    "count": "X",
    "checklist": "https://ebird.org/checklist/S78920354"
   }
  },
  {
   "type": "Feature",
   "geometry": {
    "type": "Point",
    "coordinates": [
     -81.546089,
     40.564731
    ]
   },
   "properties": {
    "id": "S78919924|Field Sparrow",
    "common_name": "Field Sparrow",
    "scientific_name": "Spizella pusilla",
    "date": "2021-01-09",
    "time": "nan",
    "location": "Barn",
    "count": "X",
    "checklist": "https://ebird.org/checklist/S78919924"
   }
  },
  {
   "type": "Feature",
   "geometry": {
    "type": "Point",
    "coordinates": [
     -81.546089,
     40.564731
    ]
   },
   "properties": {
    "id": "S78921726|Cooper's Hawk",
    "common_name": "Cooper's Hawk",
    "scientific_name": "Astur cooperii",
    "date": "2021-01-09",
    "time": "nan",
    "location": "Barn",
    "count": "X",
    "checklist": "https://ebird.org/checklist/S78921726"
   }
  },
  {
   "type": "Feature",
   "geometry": {
    "type": "Point",
    "coordinates": [
     -81.546089,
     40.564731
    ]
   },
   "properties": {
    "id": "S78920641|Mourning Dove",
    "common_name": "Mourning Dove",
    "scientific_name": "Zenaida macroura",
    "date": "2021-01-09",
    "time": "nan",
    "location": "Barn",
    "count": "X",
    "checklist": "https://ebird.org/checklist/S78920641"
   }
  },
  {
   "type": "Feature",
   "geometry": {
    "type": "Point",
    "coordinates": [
     -81.546089,
     40.564731
    ]
   },
   "properties": {
    "id": "S78920836|American Robin",
    "common_name": "American Robin",
    "scientific_name": "Turdus migratorius",
    "date": "2021-01-09",
    "time": "nan",
    "location": "Barn",
    "count": "X",
    "checklist": "https://ebird.org/checklist/S78920836"
   }
  },
  {
   "type": "Feature",
   "geometry": {
    "type": "Point",
    "coordinates": [
     -86.57943,
     39.58471
    ]
   },
   "properties": {
    "id": "S79228275|Bald Eagle",
    "common_name": "Bald Eagle",
    "scientific_name": "Haliaeetus leucocephalus",
    "date": "2021-01-14",
    "time": "nan",
    "location": "Indianapolis",
    "count": "X",
    "checklist": "https://ebird.org/checklist/S79228275"
   }
  },
  {
   "type": "Feature",
   "geometry": {
    "type": "Point",
    "coordinates": [
     -85.680833,
     39.825833
    ]
   },
   "properties": {
    "id": "S79225072|Red-tailed Hawk",
    "common_name": "Red-tailed Hawk",
    "scientific_name": "Buteo jamaicensis",
    "date": "2021-01-14",
    "time": "nan",
    "location": "Interstate",
    "count": "X",
    "checklist": "https://ebird.org/checklist/S79225072"
   }
  },
  {
   "type": "Feature",
   "geometry": {
    "type": "Point",
    "coordinates": [
     -85.529916,
     39.844747
    ]
   },
   "properties": {
    "id": "S79224678|Cooper's Hawk",
    "common_name": "Cooper's Hawk",
    "scientific_name": "Astur cooperii",
    "date": "2021-01-14",
    "time": "nan",
    "location": "Interstate",
    "count": "X",
    "checklist": "https://ebird.org/checklist/S79224678"
   }
  },
  {
   "type": "Feature",
   "geometry": {
    "type": "Point",
    "coordinates": [
     -87.045517,
     39.467725
    ]
   },
   "properties": {
    "id": "S79230903|Pileated Woodpecker",
    "common_name": "Pileated Woodpecker",
    "scientific_name": "Dryocopus pileatus",
    "date": "2021-01-14",
    "time": "nan",
    "location": "Interstate",
    "count": "X",
    "checklist": "https://ebird.org/checklist/S79230903"
   }
  },
  {
   "type": "Feature",
   "geometry": {
    "type": "Point",
    "coordinates": [
     -101.158257,
     39.365876
    ]
   },
   "properties": {
    "id": "S79295735|Prairie Falcon",
    "common_name": "Prairie Falcon",
    "scientific_name": "Falco mexicanus",
    "date": "2021-01-15",
    "time": "nan",
    "location": ".",
    "count": "X",
    "checklist": "https://ebird.org/checklist/S79295735"
   }
  },
  {
   "type": "Feature",
   "geometry": {
    "type": "Point",
    "coordinates": [
     -105.695282,
     42.81378
    ]
   },
   "properties": {
    "id": "S79435438|Golden Eagle",
    "common_name": "Golden Eagle",
    "scientific_name": "Aquila chrysaetos",
    "date": "2021-01-17",
    "time": "nan",
    "location": "Casper",
    "count": "X",
    "checklist": "https://ebird.org/checklist/S79435438"
   }
  },
  {
   "type": "Feature",
   "geometry": {
    "type": "Point",
    "coordinates": [
     -104.979927,
     40.798659
    ]
   },
   "properties": {
    "id": "S79413705|Common Raven",
    "common_name": "Common Raven",
    "scientific_name": "Corvus corax",
    "date": "2021-01-17",
    "time": "nan",
    "location": "Interstate Near CO WY border",
    "count": "X",
    "checklist": "https://ebird.org/checklist/S79413705"
   }
  },
  {
   "type": "Feature",
   "geometry": {
    "type": "Point",
    "coordinates": [
     -106.2545,
     42.849333
    ]
   },
   "properties": {
    "id": "S79428776|Black-billed Magpie",
    "common_name": "Black-billed Magpie",
    "scientific_name": "Pica hudsonia",
    "date": "2021-01-17",
    "time": "nan",
    "location": ".",
    "count": "X",
    "checklist": "https://ebird.org/checklist/S79428776"
   }
  },
  {
   "type": "Feature",
   "geometry": {
    "type": "Point",
    "coordinates": [
     -104.963972,
     42.07324
    ]
   },
   "properties": {
    "id": "S79420773|Bald Eagle",
    "common_name": "Bald Eagle",
    "scientific_name": "Haliaeetus leucocephalus",
    "date": "2021-01-17",
    "time": "nan",
    "location": "Travel Plaza",
    "count": "X",
    "checklist": "https://ebird.org/checklist/S79420773"
   }
  },
  {
   "type": "Feature",
   "geometry": {
    "type": "Point",
    "coordinates": [
     -104.831892,
     41.724908
    ]
   },
   "properties": {
    "id": "S79416716|Rough-legged Hawk",
    "common_name": "Rough-legged Hawk",
    "scientific_name": "Buteo lagopus",
    "date": "2021-01-17",
    "time": "nan",
    "location": "Chug water",
    "count": "X",
    "checklist": "https://ebird.org/checklist/S79416716"
   }
  },
  {
   "type": "Feature",
   "geometry": {
    "type": "Point",
    "coordinates": [
     -122.334898,
     47.653955
    ]
   },
   "properties": {
    "id": "S79555370|Varied Thrush",
    "common_name": "Varied Thrush",
    "scientific_name": "Ixoreus naevius",
    "date": "2021-01-19",
    "time": "nan",
    "location": "Airbnb",
    "count": "X",
    "checklist": "https://ebird.org/checklist/S79555370"
   }
  },
  {
   "type": "Feature",
   "geometry": {
    "type": "Point",
    "coordinates": [
     -122.335305,
     47.655538
    ]
   },
   "properties": {
    "id": "S79544182|Anna's Hummingbird",
    "common_name": "Anna's Hummingbird",
    "scientific_name": "Calypte anna",
    "date": "2021-01-19",
    "time": "nan",
    "location": "Near Airbnb",
    "count": "X",
    "checklist": "https://ebird.org/checklist/S79544182"
   }
  },
  {
   "type": "Feature",
   "geometry": {
    "type": "Point",
    "coordinates": [
     -122.334898,
     47.653955
    ]
   },
   "properties": {
    "id": "S79617250|Spotted Towhee",
    "common_name": "Spotted Towhee",
    "scientific_name": "Pipilo maculatus",
    "date": "2021-01-20",
    "time": "nan",
    "location": "Airbnb",
    "count": "X",
    "checklist": "https://ebird.org/checklist/S79617250"
   }
  },
  {
   "type": "Feature",
   "geometry": {
    "type": "Point",
    "coordinates": [
     -122.334898,
     47.653955
    ]
   },
   "properties": {
    "id": "S79616889|House Finch",
    "common_name": "House Finch",
    "scientific_name": "Haemorhous mexicanus",
    "date": "2021-01-20",
    "time": "nan",
    "location": "Airbnb",
    "count": "X",
    "checklist": "https://ebird.org/checklist/S79616889"
   }
  },
  {
   "type": "Feature",
   "geometry": {
    "type": "Point",
    "coordinates": [
     -122.334898,
     47.653955
    ]
   },
   "properties": {
    "id": "S79616325|Northern Flicker",
    "common_name": "Northern Flicker",
    "scientific_name": "Colaptes auratus",
    "date": "2021-01-20",
    "time": "nan",
    "location": "Airbnb",
    "count": "X",
    "checklist": "https://ebird.org/checklist/S79616325"
   }
  },
  {
   "type": "Feature",
   "geometry": {
    "type": "Point",
    "coordinates": [
     -122.334898,
     47.653955
    ]
   },
   "properties": {
    "id": "S79594745|Black-capped Chickadee",
    "common_name": "Black-capped Chickadee",
    "scientific_name": "Poecile atricapillus",
    "date": "2021-01-20",
    "time": "nan",
    "location": "Airbnb",
    "count": "X",
    "checklist": "https://ebird.org/checklist/S79594745"
   }
  },
  {
   "type": "Feature",
   "geometry": {
    "type": "Point",
    "coordinates": [
     -122.334898,
     47.653955
    ]
   },
   "properties": {
    "id": "S79651342|Golden-crowned Sparrow",
    "common_name": "Golden-crowned Sparrow",
    "scientific_name": "Zonotrichia atricapilla",
    "date": "2021-01-21",
    "time": "nan",
    "location": "Airbnb",
    "count": "X",
    "checklist": "https://ebird.org/checklist/S79651342"
   }
  },
  {
   "type": "Feature",
   "geometry": {
    "type": "Point",
    "coordinates": [
     -122.334898,
     47.653955
    ]
   },
   "properties": {
    "id": "S79666288|Bewick's Wren",
    "common_name": "Bewick's Wren",
    "scientific_name": "Thryomanes bewickii",
    "date": "2021-01-21",
    "time": "nan",
    "location": "Airbnb",
    "count": "X",
    "checklist": "https://ebird.org/checklist/S79666288"
   }
  },
  {
   "type": "Feature",
   "geometry": {
    "type": "Point",
    "coordinates": [
     -122.334898,
     47.653955
    ]
   },
   "properties": {
    "id": "S80075088|Black-capped Chickadee",
    "common_name": "Black-capped Chickadee",
    "scientific_name": "Poecile atricapillus",
    "date": "2021-01-29",
    "time": "nan",
    "location": "Airbnb",
    "count": "X",
    "checklist": "https://ebird.org/checklist/S80075088"
   }
  },
  {
   "type": "Feature",
   "geometry": {
    "type": "Point",
    "coordinates": [
     -122.334898,
     47.653955
    ]
   },
   "properties": {
    "id": "S80075158|Bushtit",
    "common_name": "Bushtit",
    "scientific_name": "Psaltriparus minimus",
    "date": "2021-01-29",
    "time": "nan",
    "location": "Airbnb",
    "count": "X",
    "checklist": "https://ebird.org/checklist/S80075158"
   }
  },
  {
   "type": "Feature",
   "geometry": {
    "type": "Point",
    "coordinates": [
     -122.334898,
     47.653955
    ]
   },
   "properties": {
    "id": "S80074866|Steller's Jay",
    "common_name": "Steller's Jay",
    "scientific_name": "Cyanocitta stelleri",
    "date": "2021-01-29",
    "time": "nan",
    "location": "Airbnb",
    "count": "X",
    "checklist": "https://ebird.org/checklist/S80074866"
   }
  },
  {
   "type": "Feature",
   "geometry": {
    "type": "Point",
    "coordinates": [
     -122.334898,
     47.653955
    ]
   },
   "properties": {
    "id": "S80731992|Northern Flicker",
    "common_name": "Northern Flicker",
    "scientific_name": "Colaptes auratus",
    "date": "2021-02-09",
    "time": "nan",
    "location": "Airbnb",
    "count": "X",
    "checklist": "https://ebird.org/checklist/S80731992"
   }
  },
  {
   "type": "Feature",
   "geometry": {
    "type": "Point",
    "coordinates": [
     -122.334898,
     47.653955
    ]
   },
   "properties": {
    "id": "S82242708|American Goldfinch",
    "common_name": "American Goldfinch",
    "scientific_name": "Spinus tristis",
    "date": "2021-02-23",
    "time": "nan",
    "location": "Airbnb",
    "count": "X",
    "checklist": "https://ebird.org/checklist/S82242708"
   }
  },
  {
   "type": "Feature",
   "geometry": {
    "type": "Point",
    "coordinates": [
     -122.334898,
     47.653955
    ]
   },
   "properties": {
    "id": "S82973290|Yellow-rumped Warbler",
    "common_name": "Yellow-rumped Warbler",
    "scientific_name": "Setophaga coronata",
    "date": "2021-03-07",
    "time": "nan",
    "location": "Airbnb",
    "count": "X",
    "checklist": "https://ebird.org/checklist/S82973290"
   }
  },
  {
   "type": "Feature",
   "geometry": {
    "type": "Point",
    "coordinates": [
     -122.334898,
     47.653955
    ]
   },
   "properties": {
    "id": "S83082331|Golden-crowned Kinglet",
    "common_name": "Golden-crowned Kinglet",
    "scientific_name": "Regulus satrapa",
    "date": "2021-03-09",
    "time": "nan",
    "location": "Airbnb",
    "count": "X",
    "checklist": "https://ebird.org/checklist/S83082331"
   }
  },
  {
   "type": "Feature",
   "geometry": {
    "type": "Point",
    "coordinates": [
     -122.334898,
     47.653955
    ]
   },
   "properties": {
    "id": "S83221628|Ruby-crowned Kinglet",
    "common_name": "Ruby-crowned Kinglet",
    "scientific_name": "Corthylio calendula",
    "date": "2021-03-11",
    "time": "nan",
    "location": "Airbnb",
    "count": "X",
    "checklist": "https://ebird.org/checklist/S83221628"
   }
  },
  {
   "type": "Feature",
   "geometry": {
    "type": "Point",
    "coordinates": [
     -122.334898,
     47.653955
    ]
   },
   "properties": {
    "id": "S83265255|Brown Creeper",
    "common_name": "Brown Creeper",
    "scientific_name": "Certhia americana",
    "date": "2021-03-12",
    "time": "nan",
    "location": "Airbnb",
    "count": "X",
    "checklist": "https://ebird.org/checklist/S83265255"
   }
  },
  {
   "type": "Feature",
   "geometry": {
    "type": "Point",
    "coordinates": [
     -122.334898,
     47.653955
    ]
   },
   "properties": {
    "id": "S83265125|Red-breasted Nuthatch",
    "common_name": "Red-breasted Nuthatch",
    "scientific_name": "Sitta canadensis",
    "date": "2021-03-12",
    "time": "nan",
    "location": "Airbnb",
    "count": "X",
    "checklist": "https://ebird.org/checklist/S83265125"
   }
  },
  {
   "type": "Feature",
   "geometry": {
    "type": "Point",
    "coordinates": [
     -122.334898,
     47.653955
    ]
   },
   "properties": {
    "id": "S83981533|Ruby-crowned Kinglet",
    "common_name": "Ruby-crowned Kinglet",
    "scientific_name": "Corthylio calendula",
    "date": "2021-03-23",
    "time": "nan",
    "location": "Airbnb",
    "count": "X",
    "checklist": "https://ebird.org/checklist/S83981533"
   }
  },
  {
   "type": "Feature",
   "geometry": {
    "type": "Point",
    "coordinates": [
     -122.334898,
     47.653955
    ]
   },
   "properties": {
    "id": "S84086419|Pine Siskin",
    "common_name": "Pine Siskin",
    "scientific_name": "Spinus pinus",
    "date": "2021-03-25",
    "time": "nan",
    "location": "Airbnb",
    "count": "X",
    "checklist": "https://ebird.org/checklist/S84086419"
   }
  },
  {
   "type": "Feature",
   "geometry": {
    "type": "Point",
    "coordinates": [
     -122.334898,
     47.653955
    ]
   },
   "properties": {
    "id": "S84153806|Double-crested Cormorant",
    "common_name": "Double-crested Cormorant",
    "scientific_name": "Nannopterum auritum",
    "date": "2021-03-26",
    "time": "nan",
    "location": "Airbnb",
    "count": "X",
    "checklist": "https://ebird.org/checklist/S84153806"
   }
  },
  {
   "type": "Feature",
   "geometry": {
    "type": "Point",
    "coordinates": [
     -122.334898,
     47.653955
    ]
   },
   "properties": {
    "id": "S84357081|Purple Finch",
    "common_name": "Purple Finch",
    "scientific_name": "Haemorhous purpureus",
    "date": "2021-03-29",
    "time": "nan",
    "location": "Airbnb",
    "count": "X",
    "checklist": "https://ebird.org/checklist/S84357081"
   }
  },
  {
   "type": "Feature",
   "geometry": {
    "type": "Point",
    "coordinates": [
     -122.334898,
     47.653955
    ]
   },
   "properties": {
    "id": "S84372440|American Crow",
    "common_name": "American Crow",
    "scientific_name": "Corvus brachyrhynchos",
    "date": "2021-03-29",
    "time": "05:00 PM",
    "location": "Airbnb",
    "count": "12",
    "checklist": "https://ebird.org/checklist/S84372440"
   }
  },
  {
   "type": "Feature",
   "geometry": {
    "type": "Point",
    "coordinates": [
     -122.334898,
     47.653955
    ]
   },
   "properties": {
    "id": "S84357117|Red-breasted Nuthatch",
    "common_name": "Red-breasted Nuthatch",
    "scientific_name": "Sitta canadensis",
    "date": "2021-03-29",
    "time": "nan",
    "location": "Airbnb",
    "count": "X",
    "checklist": "https://ebird.org/checklist/S84357117"
   }
  },
  {
   "type": "Feature",
   "geometry": {
    "type": "Point",
    "coordinates": [
     -122.334898,
     47.653955
    ]
   },
   "properties": {
    "id": "S84357247|American Crow",
    "common_name": "American Crow",
    "scientific_name": "Corvus brachyrhynchos",
    "date": "2021-03-29",
    "time": "nan",
    "location": "Airbnb",
    "count": "X",
    "checklist": "https://ebird.org/checklist/S84357247"
   }
  },
  {
   "type": "Feature",
   "geometry": {
    "type": "Point",
    "coordinates": [
     -122.334898,
     47.653955
    ]
   },
   "properties": {
    "id": "S84372440|European Starling",
    "common_name": "European Starling",
    "scientific_name": "Sturnus vulgaris",
    "date": "2021-03-29",
    "time": "05:00 PM",
    "location": "Airbnb",
    "count": "5",
    "checklist": "https://ebird.org/checklist/S84372440"
   }
  },
  {
   "type": "Feature",
   "geometry": {
    "type": "Point",
    "coordinates": [
     -122.334898,
     47.653955
    ]
   },
   "properties": {
    "id": "S84372440|Steller's Jay",
    "common_name": "Steller's Jay",
    "scientific_name": "Cyanocitta stelleri",
    "date": "2021-03-29",
    "time": "05:00 PM",
    "location": "Airbnb",
    "count": "2",
    "checklist": "https://ebird.org/checklist/S84372440"
   }
  },
  {
   "type": "Feature",
   "geometry": {
    "type": "Point",
    "coordinates": [
     -122.334898,
     47.653955
    ]
   },
   "properties": {
    "id": "S84372440|American Robin",
    "common_name": "American Robin",
    "scientific_name": "Turdus migratorius",
    "date": "2021-03-29",
    "time": "05:00 PM",
    "location": "Airbnb",
    "count": "7",
    "checklist": "https://ebird.org/checklist/S84372440"
   }
  },
  {
   "type": "Feature",
   "geometry": {
    "type": "Point",
    "coordinates": [
     -122.334898,
     47.653955
    ]
   },
   "properties": {
    "id": "S84357050|Steller's Jay",
    "common_name": "Steller's Jay",
    "scientific_name": "Cyanocitta stelleri",
    "date": "2021-03-29",
    "time": "nan",
    "location": "Airbnb",
    "count": "X",
    "checklist": "https://ebird.org/checklist/S84357050"
   }
  },
  {
   "type": "Feature",
   "geometry": {
    "type": "Point",
    "coordinates": [
     -122.334898,
     47.653955
    ]
   },
   "properties": {
    "id": "S84372440|Dark-eyed Junco",
    "common_name": "Dark-eyed Junco",
    "scientific_name": "Junco hyemalis",
    "date": "2021-03-29",
    "time": "05:00 PM",
    "location": "Airbnb",
    "count": "3",
    "checklist": "https://ebird.org/checklist/S84372440"
   }
  },
  {
   "type": "Feature",
   "geometry": {
    "type": "Point",
    "coordinates": [
     -122.334898,
     47.653955
    ]
   },
   "properties": {
    "id": "S84372440|Bushtit",
    "common_name": "Bushtit",
    "scientific_name": "Psaltriparus minimus",
    "date": "2021-03-29",
    "time": "05:00 PM",
    "location": "Airbnb",
    "count": "4",
    "checklist": "https://ebird.org/checklist/S84372440"
   }
  },
  {
   "type": "Feature",
   "geometry": {
    "type": "Point",
    "coordinates": [
     -122.334898,
     47.653955
    ]
   },
   "properties": {
    "id": "S84357146|Common Raven",
    "common_name": "Common Raven",
    "scientific_name": "Corvus corax",
    "date": "2021-03-29",
    "time": "nan",
    "location": "Airbnb",
    "count": "X",
    "checklist": "https://ebird.org/checklist/S84357146"
   }
  },
  {
   "type": "Feature",
   "geometry": {
    "type": "Point",
    "coordinates": [
     -122.334898,
     47.653955
    ]
   },
   "properties": {
    "id": "S84372440|Merlin",
    "common_name": "Merlin",
    "scientific_name": "Falco columbarius",
    "date": "2021-03-29",
    "time": "05:00 PM",
    "location": "Airbnb",
    "count": "1",
    "checklist": "https://ebird.org/checklist/S84372440"
   }
  },
  {
   "type": "Feature",
   "geometry": {
    "type": "Point",
    "coordinates": [
     -122.334898,
     47.653955
    ]
   },
   "properties": {
    "id": "S84372440|Purple Finch",
    "common_name": "Purple Finch",
    "scientific_name": "Haemorhous purpureus",
    "date": "2021-03-29",
    "time": "05:00 PM",
    "location": "Airbnb",
    "count": "1",
    "checklist": "https://ebird.org/checklist/S84372440"
   }
  },
  {
   "type": "Feature",
   "geometry": {
    "type": "Point",
    "coordinates": [
     -122.349851,
     47.648072
    ]
   },
   "properties": {
    "id": "S84357330|Double-crested Cormorant",
    "common_name": "Double-crested Cormorant",
    "scientific_name": "Nannopterum auritum",
    "date": "2021-03-29",
    "time": "nan",
    "location": "River Ride",
    "count": "X",
    "checklist": "https://ebird.org/checklist/S84357330"
   }
  },
  {
   "type": "Feature",
   "geometry": {
    "type": "Point",
    "coordinates": [
     -122.334898,
     47.653955
    ]
   },
   "properties": {
    "id": "S84641738|Yellow-rumped Warbler",
    "common_name": "Yellow-rumped Warbler",
    "scientific_name": "Setophaga coronata",
    "date": "2021-04-02",
    "time": "nan",
    "location": "Airbnb",
    "count": "X",
    "checklist": "https://ebird.org/checklist/S84641738"
   }
  },
  {
   "type": "Feature",
   "geometry": {
    "type": "Point",
    "coordinates": [
     -122.259948,
     47.676839
    ]
   },
   "properties": {
    "id": "S85359325|Green-winged Teal",
    "common_name": "Green-winged Teal",
    "scientific_name": "Anas crecca",
    "date": "2021-04-11",
    "time": "nan",
    "location": "Park",
    "count": "X",
    "checklist": "https://ebird.org/checklist/S85359325"
   }
  },
  {
   "type": "Feature",
   "geometry": {
    "type": "Point",
    "coordinates": [
     -122.259948,
     47.676839
    ]
   },
   "properties": {
    "id": "S85359706|Spotted Towhee",
    "common_name": "Spotted Towhee",
    "scientific_name": "Pipilo maculatus",
    "date": "2021-04-11",
    "time": "nan",
    "location": "Park",
    "count": "X",
    "checklist": "https://ebird.org/checklist/S85359706"
   }
  },
  {
   "type": "Feature",
   "geometry": {
    "type": "Point",
    "coordinates": [
     -81.546089,
     40.564731
    ]
   },
   "properties": {
    "id": "S85819258|Red-headed Woodpecker",
    "common_name": "Red-headed Woodpecker",
    "scientific_name": "Melanerpes erythrocephalus",
    "date": "2021-04-17",
    "time": "nan",
    "location": "Barn",
    "count": "X",
    "checklist": "https://ebird.org/checklist/S85819258"
   }
  },
  {
   "type": "Feature",
   "geometry": {
    "type": "Point",
    "coordinates": [
     -81.546089,
     40.564731
    ]
   },
   "properties": {
    "id": "S85820625|American Kestrel",
    "common_name": "American Kestrel",
    "scientific_name": "Falco sparverius",
    "date": "2021-04-17",
    "time": "nan",
    "location": "Barn",
    "count": "X",
    "checklist": "https://ebird.org/checklist/S85820625"
   }
  },
  {
   "type": "Feature",
   "geometry": {
    "type": "Point",
    "coordinates": [
     -82.603123,
     41.413151
    ]
   },
   "properties": {
    "id": "S85794726|Blue-winged Teal",
    "common_name": "Blue-winged Teal",
    "scientific_name": "Spatula discors",
    "date": "2021-04-18",
    "time": "nan",
    "location": "Sheldon preserve",
    "count": "X",
    "checklist": "https://ebird.org/checklist/S85794726"
   }
  },
  {
   "type": "Feature",
   "geometry": {
    "type": "Point",
    "coordinates": [
     -82.601205,
     41.41674
    ]
   },
   "properties": {
    "id": "S85818693|Belted Kingfisher",
    "common_name": "Belted Kingfisher",
    "scientific_name": "Megaceryle alcyon",
    "date": "2021-04-18",
    "time": "nan",
    "location": "Sheldon",
    "count": "X",
    "checklist": "https://ebird.org/checklist/S85818693"
   }
  },
  {
   "type": "Feature",
   "geometry": {
    "type": "Point",
    "coordinates": [
     -82.601205,
     41.41674
    ]
   },
   "properties": {
    "id": "S85819167|Red-winged Blackbird",
    "common_name": "Red-winged Blackbird",
    "scientific_name": "Agelaius phoeniceus",
    "date": "2021-04-18",
    "time": "nan",
    "location": "Sheldon",
    "count": "X",
    "checklist": "https://ebird.org/checklist/S85819167"
   }
  },
  {
   "type": "Feature",
   "geometry": {
    "type": "Point",
    "coordinates": [
     -82.601205,
     41.41674
    ]
   },
   "properties": {
    "id": "S85819798|Trumpeter Swan",
    "common_name": "Trumpeter Swan",
    "scientific_name": "Cygnus buccinator",
    "date": "2021-04-18",
    "time": "nan",
    "location": "Sheldon",
    "count": "X",
    "checklist": "https://ebird.org/checklist/S85819798"
   }
  },
  {
   "type": "Feature",
   "geometry": {
    "type": "Point",
    "coordinates": [
     -82.669582,
     41.44485
    ]
   },
   "properties": {
    "id": "S85819644|Double-crested Cormorant",
    "common_name": "Double-crested Cormorant",
    "scientific_name": "Nannopterum auritum",
    "date": "2021-04-18",
    "time": "nan",
    "location": "Driving To Sheldon",
    "count": "X",
    "checklist": "https://ebird.org/checklist/S85819644"
   }
  },
  {
   "type": "Feature",
   "geometry": {
    "type": "Point",
    "coordinates": [
     -82.601572,
     41.415298
    ]
   },
   "properties": {
    "id": "S85819489|Downy Woodpecker",
    "common_name": "Downy Woodpecker",
    "scientific_name": "Dryobates pubescens",
    "date": "2021-04-18",
    "time": "nan",
    "location": "Sheldon",
    "count": "X",
    "checklist": "https://ebird.org/checklist/S85819489"
   }
  },
  {
   "type": "Feature",
   "geometry": {
    "type": "Point",
    "coordinates": [
     -82.601205,
     41.41674
    ]
   },
   "properties": {
    "id": "S85838866|Common Grackle",
    "common_name": "Common Grackle",
    "scientific_name": "Quiscalus quiscula",
    "date": "2021-04-18",
    "time": "nan",
    "location": "Sheldon",
    "count": "X",
    "checklist": "https://ebird.org/checklist/S85838866"
   }
  },
  {
   "type": "Feature",
   "geometry": {
    "type": "Point",
    "coordinates": [
     -82.602239,
     41.419399
    ]
   },
   "properties": {
    "id": "S85797764|American Herring Gull",
    "common_name": "American Herring Gull",
    "scientific_name": "Larus smithsonianus",
    "date": "2021-04-18",
    "time": "nan",
    "location": "Sheldon",
    "count": "X",
    "checklist": "https://ebird.org/checklist/S85797764"
   }
  },
  {
   "type": "Feature",
   "geometry": {
    "type": "Point",
    "coordinates": [
     -82.601205,
     41.41674
    ]
   },
   "properties": {
    "id": "S85818602|Blue Jay",
    "common_name": "Blue Jay",
    "scientific_name": "Cyanocitta cristata",
    "date": "2021-04-18",
    "time": "nan",
    "location": "Sheldon",
    "count": "X",
    "checklist": "https://ebird.org/checklist/S85818602"
   }
  },
  {
   "type": "Feature",
   "geometry": {
    "type": "Point",
    "coordinates": [
     -82.602239,
     41.419399
    ]
   },
   "properties": {
    "id": "S85839109|White-throated Sparrow",
    "common_name": "White-throated Sparrow",
    "scientific_name": "Zonotrichia albicollis",
    "date": "2021-04-18",
    "time": "nan",
    "location": "Sheldon",
    "count": "X",
    "checklist": "https://ebird.org/checklist/S85839109"
   }
  },
  {
   "type": "Feature",
   "geometry": {
    "type": "Point",
    "coordinates": [
     -82.601205,
     41.41674
    ]
   },
   "properties": {
    "id": "S85838932|Yellow-rumped Warbler",
    "common_name": "Yellow-rumped Warbler",
    "scientific_name": "Setophaga coronata",
    "date": "2021-04-18",
    "time": "nan",
    "location": "Sheldon",
    "count": "X",
    "checklist": "https://ebird.org/checklist/S85838932"
   }
  },
  {
   "type": "Feature",
   "geometry": {
    "type": "Point",
    "coordinates": [
     -82.909882,
     40.235581
    ]
   },
   "properties": {
    "id": "S85852885|Brown-headed Cowbird",
    "common_name": "Brown-headed Cowbird",
    "scientific_name": "Molothrus ater",
    "date": "2021-04-18",
    "time": "nan",
    "location": "Schlabach\u2019s",
    "count": "X",
    "checklist": "https://ebird.org/checklist/S85852885"
   }
  },
  {
   "type": "Feature",
   "geometry": {
    "type": "Point",
    "coordinates": [
     -82.601205,
     41.41674
    ]
   },
   "properties": {
    "id": "S85844250|Tufted Titmouse",
    "common_name": "Tufted Titmouse",
    "scientific_name": "Baeolophus bicolor",
    "date": "2021-04-18",
    "time": "nan",
    "location": "Sheldon",
    "count": "X",
    "checklist": "https://ebird.org/checklist/S85844250"
   }
  },
  {
   "type": "Feature",
   "geometry": {
    "type": "Point",
    "coordinates": [
     -82.601572,
     41.415298
    ]
   },
   "properties": {
    "id": "S85795984|Tree Swallow",
    "common_name": "Tree Swallow",
    "scientific_name": "Tachycineta bicolor",
    "date": "2021-04-18",
    "time": "nan",
    "location": "Sheldon",
    "count": "X",
    "checklist": "https://ebird.org/checklist/S85795984"
   }
  },
  {
   "type": "Feature",
   "geometry": {
    "type": "Point",
    "coordinates": [
     -82.601205,
     41.41674
    ]
   },
   "properties": {
    "id": "S85818647|Tree Swallow",
    "common_name": "Tree Swallow",
    "scientific_name": "Tachycineta bicolor",
    "date": "2021-04-18",
    "time": "nan",
    "location": "Sheldon",
    "count": "X",
    "checklist": "https://ebird.org/checklist/S85818647"
   }
  },
  {
   "type": "Feature",
   "geometry": {
    "type": "Point",
    "coordinates": [
     -82.601205,
     41.41674
    ]
   },
   "properties": {
    "id": "S85820471|Mourning Dove",
    "common_name": "Mourning Dove",
    "scientific_name": "Zenaida macroura",
    "date": "2021-04-18",
    "time": "nan",
    "location": "Sheldon",
    "count": "X",
    "checklist": "https://ebird.org/checklist/S85820471"
   }
  },
  {
   "type": "Feature",
   "geometry": {
    "type": "Point",
    "coordinates": [
     -82.602239,
     41.419399
    ]
   },
   "properties": {
    "id": "S85839143|Northern Cardinal",
    "common_name": "Northern Cardinal",
    "scientific_name": "Cardinalis cardinalis",
    "date": "2021-04-18",
    "time": "nan",
    "location": "Sheldon",
    "count": "X",
    "checklist": "https://ebird.org/checklist/S85839143"
   }
  },
  {
   "type": "Feature",
   "geometry": {
    "type": "Point",
    "coordinates": [
     -82.601205,
     41.41674
    ]
   },
   "properties": {
    "id": "S85800578|Winter Wren",
    "common_name": "Winter Wren",
    "scientific_name": "Troglodytes hiemalis",
    "date": "2021-04-18",
    "time": "nan",
    "location": "Sheldon",
    "count": "X",
    "checklist": "https://ebird.org/checklist/S85800578"
   }
  },
  {
   "type": "Feature",
   "geometry": {
    "type": "Point",
    "coordinates": [
     -82.601205,
     41.41674
    ]
   },
   "properties": {
    "id": "S85839286|European Starling",
    "common_name": "European Starling",
    "scientific_name": "Sturnus vulgaris",
    "date": "2021-04-18",
    "time": "nan",
    "location": "Sheldon",
    "count": "X",
    "checklist": "https://ebird.org/checklist/S85839286"
   }
  },
  {
   "type": "Feature",
   "geometry": {
    "type": "Point",
    "coordinates": [
     -82.593037,
     41.407698
    ]
   },
   "properties": {
    "id": "S85793563|Brown Thrasher",
    "common_name": "Brown Thrasher",
    "scientific_name": "Toxostoma rufum",
    "date": "2021-04-18",
    "time": "nan",
    "location": "Sheldon",
    "count": "X",
    "checklist": "https://ebird.org/checklist/S85793563"
   }
  },
  {
   "type": "Feature",
   "geometry": {
    "type": "Point",
    "coordinates": [
     -82.601572,
     41.415298
    ]
   },
   "properties": {
    "id": "S85818805|Eastern Bluebird",
    "common_name": "Eastern Bluebird",
    "scientific_name": "Sialia sialis",
    "date": "2021-04-18",
    "time": "nan",
    "location": "Sheldon",
    "count": "X",
    "checklist": "https://ebird.org/checklist/S85818805"
   }
  },
  {
   "type": "Feature",
   "geometry": {
    "type": "Point",
    "coordinates": [
     -82.601205,
     41.41674
    ]
   },
   "properties": {
    "id": "S85818549|American Goldfinch",
    "common_name": "American Goldfinch",
    "scientific_name": "Spinus tristis",
    "date": "2021-04-18",
    "time": "nan",
    "location": "Sheldon",
    "count": "X",
    "checklist": "https://ebird.org/checklist/S85818549"
   }
  },
  {
   "type": "Feature",
   "geometry": {
    "type": "Point",
    "coordinates": [
     -82.602239,
     41.419399
    ]
   },
   "properties": {
    "id": "S85819723|Great Blue Heron",
    "common_name": "Great Blue Heron",
    "scientific_name": "Ardea herodias",
    "date": "2021-04-18",
    "time": "nan",
    "location": "Sheldon",
    "count": "X",
    "checklist": "https://ebird.org/checklist/S85819723"
   }
  },
  {
   "type": "Feature",
   "geometry": {
    "type": "Point",
    "coordinates": [
     -82.601572,
     41.415298
    ]
   },
   "properties": {
    "id": "S85820544|Cooper's Hawk",
    "common_name": "Cooper's Hawk",
    "scientific_name": "Astur cooperii",
    "date": "2021-04-18",
    "time": "nan",
    "location": "Sheldon",
    "count": "X",
    "checklist": "https://ebird.org/checklist/S85820544"
   }
  },
  {
   "type": "Feature",
   "geometry": {
    "type": "Point",
    "coordinates": [
     -82.601205,
     41.41674
    ]
   },
   "properties": {
    "id": "S85838833|Rusty Blackbird",
    "common_name": "Rusty Blackbird",
    "scientific_name": "Euphagus carolinus",
    "date": "2021-04-18",
    "time": "nan",
    "location": "Sheldon",
    "count": "X",
    "checklist": "https://ebird.org/checklist/S85838833"
   }
  },
  {
   "type": "Feature",
   "geometry": {
    "type": "Point",
    "coordinates": [
     -122.334898,
     47.653955
    ]
   },
   "properties": {
    "id": "S88058014|American Barn Owl",
    "common_name": "American Barn Owl",
    "scientific_name": "Tyto furcata",
    "date": "2021-05-04",
    "time": "06:00 PM",
    "location": "Airbnb",
    "count": "1",
    "checklist": "https://ebird.org/checklist/S88058014"
   }
  },
  {
   "type": "Feature",
   "geometry": {
    "type": "Point",
    "coordinates": [
     -82.601205,
     41.41674
    ]
   },
   "properties": {
    "id": "S88057290|Red-tailed Hawk",
    "common_name": "Red-tailed Hawk",
    "scientific_name": "Buteo jamaicensis",
    "date": "2021-05-13",
    "time": "05:30 PM",
    "location": "Sheldon",
    "count": "1",
    "checklist": "https://ebird.org/checklist/S88057290"
   }
  },
  {
   "type": "Feature",
   "geometry": {
    "type": "Point",
    "coordinates": [
     -82.601205,
     41.41674
    ]
   },
   "properties": {
    "id": "S88057290|Downy Woodpecker",
    "common_name": "Downy Woodpecker",
    "scientific_name": "Dryobates pubescens",
    "date": "2021-05-13",
    "time": "05:30 PM",
    "location": "Sheldon",
    "count": "5",
    "checklist": "https://ebird.org/checklist/S88057290"
   }
  },
  {
   "type": "Feature",
   "geometry": {
    "type": "Point",
    "coordinates": [
     -82.601205,
     41.41674
    ]
   },
   "properties": {
    "id": "S88057290|Common Grackle",
    "common_name": "Common Grackle",
    "scientific_name": "Quiscalus quiscula",
    "date": "2021-05-13",
    "time": "05:30 PM",
    "location": "Sheldon",
    "count": "3",
    "checklist": "https://ebird.org/checklist/S88057290"
   }
  },
  {
   "type": "Feature",
   "geometry": {
    "type": "Point",
    "coordinates": [
     -82.601205,
     41.41674
    ]
   },
   "properties": {
    "id": "S88057290|Baltimore Oriole",
    "common_name": "Baltimore Oriole",
    "scientific_name": "Icterus galbula",
    "date": "2021-05-13",
    "time": "05:30 PM",
    "location": "Sheldon",
    "count": "8",
    "checklist": "https://ebird.org/checklist/S88057290"
   }
  },
  {
   "type": "Feature",
   "geometry": {
    "type": "Point",
    "coordinates": [
     -82.601205,
     41.41674
    ]
   },
   "properties": {
    "id": "S88057290|American Robin",
    "common_name": "American Robin",
    "scientific_name": "Turdus migratorius",
    "date": "2021-05-13",
    "time": "05:30 PM",
    "location": "Sheldon",
    "count": "12",
    "checklist": "https://ebird.org/checklist/S88057290"
   }
  },
  {
   "type": "Feature",
   "geometry": {
    "type": "Point",
    "coordinates": [
     -82.601205,
     41.41674
    ]
   },
   "properties": {
    "id": "S88057290|Prothonotary Warbler",
    "common_name": "Prothonotary Warbler",
    "scientific_name": "Protonotaria citrea",
    "date": "2021-05-13",
    "time": "05:30 PM",
    "location": "Sheldon",
    "count": "2",
    "checklist": "https://ebird.org/checklist/S88057290"
   }
  },
  {
   "type": "Feature",
   "geometry": {
    "type": "Point",
    "coordinates": [
     -82.601205,
     41.41674
    ]
   },
   "properties": {
    "id": "S88057290|Eastern Bluebird",
    "common_name": "Eastern Bluebird",
    "scientific_name": "Sialia sialis",
    "date": "2021-05-13",
    "time": "05:30 PM",
    "location": "Sheldon",
    "count": "1",
    "checklist": "https://ebird.org/checklist/S88057290"
   }
  },
  {
   "type": "Feature",
   "geometry": {
    "type": "Point",
    "coordinates": [
     -82.601205,
     41.41674
    ]
   },
   "properties": {
    "id": "S88057290|Eastern Phoebe",
    "common_name": "Eastern Phoebe",
    "scientific_name": "Sayornis phoebe",
    "date": "2021-05-13",
    "time": "05:30 PM",
    "location": "Sheldon",
    "count": "1",
    "checklist": "https://ebird.org/checklist/S88057290"
   }
  },
  {
   "type": "Feature",
   "geometry": {
    "type": "Point",
    "coordinates": [
     -82.601205,
     41.41674
    ]
   },
   "properties": {
    "id": "S88057290|Great Crested Flycatcher",
    "common_name": "Great Crested Flycatcher",
    "scientific_name": "Myiarchus crinitus",
    "date": "2021-05-13",
    "time": "05:30 PM",
    "location": "Sheldon",
    "count": "1",
    "checklist": "https://ebird.org/checklist/S88057290"
   }
  },
  {
   "type": "Feature",
   "geometry": {
    "type": "Point",
    "coordinates": [
     -82.601205,
     41.41674
    ]
   },
   "properties": {
    "id": "S88057290|Eastern Kingbird",
    "common_name": "Eastern Kingbird",
    "scientific_name": "Tyrannus tyrannus",
    "date": "2021-05-13",
    "time": "05:30 PM",
    "location": "Sheldon",
    "count": "2",
    "checklist": "https://ebird.org/checklist/S88057290"
   }
  },
  {
   "type": "Feature",
   "geometry": {
    "type": "Point",
    "coordinates": [
     -82.601205,
     41.41674
    ]
   },
   "properties": {
    "id": "S88057290|Ring-billed Gull",
    "common_name": "Ring-billed Gull",
    "scientific_name": "Larus delawarensis",
    "date": "2021-05-13",
    "time": "05:30 PM",
    "location": "Sheldon",
    "count": "7",
    "checklist": "https://ebird.org/checklist/S88057290"
   }
  },
  {
   "type": "Feature",
   "geometry": {
    "type": "Point",
    "coordinates": [
     -82.601205,
     41.41674
    ]
   },
   "properties": {
    "id": "S88057290|Eastern Warbling Vireo",
    "common_name": "Eastern Warbling Vireo",
    "scientific_name": "Vireo gilvus",
    "date": "2021-05-13",
    "time": "05:30 PM",
    "location": "Sheldon",
    "count": "2",
    "checklist": "https://ebird.org/checklist/S88057290"
   }
  },
  {
   "type": "Feature",
   "geometry": {
    "type": "Point",
    "coordinates": [
     -82.601205,
     41.41674
    ]
   },
   "properties": {
    "id": "S88057290|Mallard",
    "common_name": "Mallard",
    "scientific_name": "Anas platyrhynchos",
    "date": "2021-05-13",
    "time": "05:30 PM",
    "location": "Sheldon",
    "count": "2",
    "checklist": "https://ebird.org/checklist/S88057290"
   }
  },
  {
   "type": "Feature",
   "geometry": {
    "type": "Point",
    "coordinates": [
     -82.601205,
     41.41674
    ]
   },
   "properties": {
    "id": "S88057290|Wood Duck",
    "common_name": "Wood Duck",
    "scientific_name": "Aix sponsa",
    "date": "2021-05-13",
    "time": "05:30 PM",
    "location": "Sheldon",
    "count": "3",
    "checklist": "https://ebird.org/checklist/S88057290"
   }
  },
  {
   "type": "Feature",
   "geometry": {
    "type": "Point",
    "coordinates": [
     -82.601205,
     41.41674
    ]
   },
   "properties": {
    "id": "S88057290|Blue Jay",
    "common_name": "Blue Jay",
    "scientific_name": "Cyanocitta cristata",
    "date": "2021-05-13",
    "time": "05:30 PM",
    "location": "Sheldon",
    "count": "4",
    "checklist": "https://ebird.org/checklist/S88057290"
   }
  },
  {
   "type": "Feature",
   "geometry": {
    "type": "Point",
    "coordinates": [
     -82.601205,
     41.41674
    ]
   },
   "properties": {
    "id": "S88057290|Cooper's Hawk",
    "common_name": "Cooper's Hawk",
    "scientific_name": "Astur cooperii",
    "date": "2021-05-13",
    "time": "05:30 PM",
    "location": "Sheldon",
    "count": "1",
    "checklist": "https://ebird.org/checklist/S88057290"
   }
  },
  {
   "type": "Feature",
   "geometry": {
    "type": "Point",
    "coordinates": [
     -82.601205,
     41.41674
    ]
   },
   "properties": {
    "id": "S88057290|Northern Yellow Warbler",
    "common_name": "Northern Yellow Warbler",
    "scientific_name": "Setophaga aestiva",
    "date": "2021-05-13",
    "time": "05:30 PM",
    "location": "Sheldon",
    "count": "1",
    "checklist": "https://ebird.org/checklist/S88057290"
   }
  },
  {
   "type": "Feature",
   "geometry": {
    "type": "Point",
    "coordinates": [
     -82.601205,
     41.41674
    ]
   },
   "properties": {
    "id": "S88057290|Sedge Wren",
    "common_name": "Sedge Wren",
    "scientific_name": "Cistothorus stellaris",
    "date": "2021-05-13",
    "time": "05:30 PM",
    "location": "Sheldon",
    "count": "1",
    "checklist": "https://ebird.org/checklist/S88057290"
   }
  },
  {
   "type": "Feature",
   "geometry": {
    "type": "Point",
    "coordinates": [
     -82.601205,
     41.41674
    ]
   },
   "properties": {
    "id": "S88057290|Great Blue Heron",
    "common_name": "Great Blue Heron",
    "scientific_name": "Ardea herodias",
    "date": "2021-05-13",
    "time": "05:30 PM",
    "location": "Sheldon",
    "count": "2",
    "checklist": "https://ebird.org/checklist/S88057290"
   }
  },
  {
   "type": "Feature",
   "geometry": {
    "type": "Point",
    "coordinates": [
     -82.601205,
     41.41674
    ]
   },
   "properties": {
    "id": "S88057290|Northern Cardinal",
    "common_name": "Northern Cardinal",
    "scientific_name": "Cardinalis cardinalis",
    "date": "2021-05-13",
    "time": "05:30 PM",
    "location": "Sheldon",
    "count": "3",
    "checklist": "https://ebird.org/checklist/S88057290"
   }
  },
  {
   "type": "Feature",
   "geometry": {
    "type": "Point",
    "coordinates": [
     -82.601205,
     41.41674
    ]
   },
   "properties": {
    "id": "S88057290|White-breasted Nuthatch",
    "common_name": "White-breasted Nuthatch",
    "scientific_name": "Sitta carolinensis",
    "date": "2021-05-13",
    "time": "05:30 PM",
    "location": "Sheldon",
    "count": "1",
    "checklist": "https://ebird.org/checklist/S88057290"
   }
  },
  {
   "type": "Feature",
   "geometry": {
    "type": "Point",
    "coordinates": [
     -82.601205,
     41.41674
    ]
   },
   "properties": {
    "id": "S88057290|Turkey Vulture",
    "common_name": "Turkey Vulture",
    "scientific_name": "Cathartes aura",
    "date": "2021-05-13",
    "time": "05:30 PM",
    "location": "Sheldon",
    "count": "2",
    "checklist": "https://ebird.org/checklist/S88057290"
   }
  },
  {
   "type": "Feature",
   "geometry": {
    "type": "Point",
    "coordinates": [
     -82.601205,
     41.41674
    ]
   },
   "properties": {
    "id": "S88057290|Tree Swallow",
    "common_name": "Tree Swallow",
    "scientific_name": "Tachycineta bicolor",
    "date": "2021-05-13",
    "time": "05:30 PM",
    "location": "Sheldon",
    "count": "25",
    "checklist": "https://ebird.org/checklist/S88057290"
   }
  },
  {
   "type": "Feature",
   "geometry": {
    "type": "Point",
    "coordinates": [
     -82.601205,
     41.41674
    ]
   },
   "properties": {
    "id": "S88057290|Mourning Dove",
    "common_name": "Mourning Dove",
    "scientific_name": "Zenaida macroura",
    "date": "2021-05-13",
    "time": "05:30 PM",
    "location": "Sheldon",
    "count": "2",
    "checklist": "https://ebird.org/checklist/S88057290"
   }
  },
  {
   "type": "Feature",
   "geometry": {
    "type": "Point",
    "coordinates": [
     -82.601205,
     41.41674
    ]
   },
   "properties": {
    "id": "S88057290|Gray Catbird",
    "common_name": "Gray Catbird",
    "scientific_name": "Dumetella carolinensis",
    "date": "2021-05-13",
    "time": "05:30 PM",
    "location": "Sheldon",
    "count": "3",
    "checklist": "https://ebird.org/checklist/S88057290"
   }
  },
  {
   "type": "Feature",
   "geometry": {
    "type": "Point",
    "coordinates": [
     -82.601205,
     41.41674
    ]
   },
   "properties": {
    "id": "S88057290|Red-bellied Woodpecker",
    "common_name": "Red-bellied Woodpecker",
    "scientific_name": "Melanerpes carolinus",
    "date": "2021-05-13",
    "time": "05:30 PM",
    "location": "Sheldon",
    "count": "2",
    "checklist": "https://ebird.org/checklist/S88057290"
   }
  },
  {
   "type": "Feature",
   "geometry": {
    "type": "Point",
    "coordinates": [
     -82.601205,
     41.41674
    ]
   },
   "properties": {
    "id": "S88057290|Song Sparrow",
    "common_name": "Song Sparrow",
    "scientific_name": "Melospiza melodia",
    "date": "2021-05-13",
    "time": "05:30 PM",
    "location": "Sheldon",
    "count": "4",
    "checklist": "https://ebird.org/checklist/S88057290"
   }
  },
  {
   "type": "Feature",
   "geometry": {
    "type": "Point",
    "coordinates": [
     -82.601205,
     41.41674
    ]
   },
   "properties": {
    "id": "S88057290|Great Egret",
    "common_name": "Great Egret",
    "scientific_name": "Ardea alba",
    "date": "2021-05-13",
    "time": "05:30 PM",
    "location": "Sheldon",
    "count": "1",
    "checklist": "https://ebird.org/checklist/S88057290"
   }
  },
  {
   "type": "Feature",
   "geometry": {
    "type": "Point",
    "coordinates": [
     -82.601205,
     41.41674
    ]
   },
   "properties": {
    "id": "S88057290|Red-winged Blackbird",
    "common_name": "Red-winged Blackbird",
    "scientific_name": "Agelaius phoeniceus",
    "date": "2021-05-13",
    "time": "05:30 PM",
    "location": "Sheldon",
    "count": "20",
    "checklist": "https://ebird.org/checklist/S88057290"
   }
  },
  {
   "type": "Feature",
   "geometry": {
    "type": "Point",
    "coordinates": [
     -82.601205,
     41.41674
    ]
   },
   "properties": {
    "id": "S88057290|Canada Goose",
    "common_name": "Canada Goose",
    "scientific_name": "Branta canadensis",
    "date": "2021-05-13",
    "time": "05:30 PM",
    "location": "Sheldon",
    "count": "5",
    "checklist": "https://ebird.org/checklist/S88057290"
   }
  },
  {
   "type": "Feature",
   "geometry": {
    "type": "Point",
    "coordinates": [
     -82.601205,
     41.41674
    ]
   },
   "properties": {
    "id": "S88057290|Black-crowned Night Heron",
    "common_name": "Black-crowned Night Heron",
    "scientific_name": "Nycticorax nycticorax",
    "date": "2021-05-13",
    "time": "05:30 PM",
    "location": "Sheldon",
    "count": "1",
    "checklist": "https://ebird.org/checklist/S88057290"
   }
  },
  {
   "type": "Feature",
   "geometry": {
    "type": "Point",
    "coordinates": [
     -82.601205,
     41.41674
    ]
   },
   "properties": {
    "id": "S88057290|Red-headed Woodpecker",
    "common_name": "Red-headed Woodpecker",
    "scientific_name": "Melanerpes erythrocephalus",
    "date": "2021-05-13",
    "time": "05:30 PM",
    "location": "Sheldon",
    "count": "3",
    "checklist": "https://ebird.org/checklist/S88057290"
   }
  },
  {
   "type": "Feature",
   "geometry": {
    "type": "Point",
    "coordinates": [
     -82.601205,
     41.41674
    ]
   },
   "properties": {
    "id": "S88057290|Belted Kingfisher",
    "common_name": "Belted Kingfisher",
    "scientific_name": "Megaceryle alcyon",
    "date": "2021-05-13",
    "time": "05:30 PM",
    "location": "Sheldon",
    "count": "1",
    "checklist": "https://ebird.org/checklist/S88057290"
   }
  },
  {
   "type": "Feature",
   "geometry": {
    "type": "Point",
    "coordinates": [
     -82.601205,
     41.41674
    ]
   },
   "properties": {
    "id": "S88057290|Green Heron",
    "common_name": "Green Heron",
    "scientific_name": "Butorides virescens",
    "date": "2021-05-13",
    "time": "05:30 PM",
    "location": "Sheldon",
    "count": "3",
    "checklist": "https://ebird.org/checklist/S88057290"
   }
  },
  {
   "type": "Feature",
   "geometry": {
    "type": "Point",
    "coordinates": [
     -82.326031,
     41.039021
    ]
   },
   "properties": {
    "id": "S88233163|Purple Martin",
    "common_name": "Purple Martin",
    "scientific_name": "Progne subis",
    "date": "2021-05-15",
    "time": "nan",
    "location": "New London",
    "count": "X",
    "checklist": "https://ebird.org/checklist/S88233163"
   }
  },
  {
   "type": "Feature",
   "geometry": {
    "type": "Point",
    "coordinates": [
     -82.602778,
     41.408137
    ]
   },
   "properties": {
    "id": "S88325147|Sedge Wren",
    "common_name": "Sedge Wren",
    "scientific_name": "Cistothorus stellaris",
    "date": "2021-05-16",
    "time": "08:30 AM",
    "location": "Sheldon Preserve",
    "count": "1",
    "checklist": "https://ebird.org/checklist/S88325147"
   }
  },
  {
   "type": "Feature",
   "geometry": {
    "type": "Point",
    "coordinates": [
     -82.602778,
     41.408137
    ]
   },
   "properties": {
    "id": "S88325147|Least Flycatcher",
    "common_name": "Least Flycatcher",
    "scientific_name": "Empidonax minimus",
    "date": "2021-05-16",
    "time": "08:30 AM",
    "location": "Sheldon Preserve",
    "count": "1",
    "checklist": "https://ebird.org/checklist/S88325147"
   }
  },
  {
   "type": "Feature",
   "geometry": {
    "type": "Point",
    "coordinates": [
     -82.602778,
     41.408137
    ]
   },
   "properties": {
    "id": "S88325147|House Finch",
    "common_name": "House Finch",
    "scientific_name": "Haemorhous mexicanus",
    "date": "2021-05-16",
    "time": "08:30 AM",
    "location": "Sheldon Preserve",
    "count": "4",
    "checklist": "https://ebird.org/checklist/S88325147"
   }
  },
  {
   "type": "Feature",
   "geometry": {
    "type": "Point",
    "coordinates": [
     -82.602778,
     41.408137
    ]
   },
   "properties": {
    "id": "S88325147|Blackburnian Warbler",
    "common_name": "Blackburnian Warbler",
    "scientific_name": "Setophaga fusca",
    "date": "2021-05-16",
    "time": "08:30 AM",
    "location": "Sheldon Preserve",
    "count": "1",
    "checklist": "https://ebird.org/checklist/S88325147"
   }
  },
  {
   "type": "Feature",
   "geometry": {
    "type": "Point",
    "coordinates": [
     -82.602778,
     41.408137
    ]
   },
   "properties": {
    "id": "S88325147|Prothonotary Warbler",
    "common_name": "Prothonotary Warbler",
    "scientific_name": "Protonotaria citrea",
    "date": "2021-05-16",
    "time": "08:30 AM",
    "location": "Sheldon Preserve",
    "count": "1",
    "checklist": "https://ebird.org/checklist/S88325147"
   }
  },
  {
   "type": "Feature",
   "geometry": {
    "type": "Point",
    "coordinates": [
     -82.602778,
     41.408137
    ]
   },
   "properties": {
    "id": "S88325147|American Crow",
    "common_name": "American Crow",
    "scientific_name": "Corvus brachyrhynchos",
    "date": "2021-05-16",
    "time": "08:30 AM",
    "location": "Sheldon Preserve",
    "count": "1",
    "checklist": "https://ebird.org/checklist/S88325147"
   }
  },
  {
   "type": "Feature",
   "geometry": {
    "type": "Point",
    "coordinates": [
     -82.602778,
     41.408137
    ]
   },
   "properties": {
    "id": "S88325147|Nashville Warbler",
    "common_name": "Nashville Warbler",
    "scientific_name": "Leiothlypis ruficapilla",
    "date": "2021-05-16",
    "time": "08:30 AM",
    "location": "Sheldon Preserve",
    "count": "1",
    "checklist": "https://ebird.org/checklist/S88325147"
   }
  },
  {
   "type": "Feature",
   "geometry": {
    "type": "Point",
    "coordinates": [
     -82.602778,
     41.408137
    ]
   },
   "properties": {
    "id": "S88325147|Hermit Thrush",
    "common_name": "Hermit Thrush",
    "scientific_name": "Catharus guttatus",
    "date": "2021-05-16",
    "time": "08:30 AM",
    "location": "Sheldon Preserve",
    "count": "1",
    "checklist": "https://ebird.org/checklist/S88325147"
   }
  },
  {
   "type": "Feature",
   "geometry": {
    "type": "Point",
    "coordinates": [
     -82.602778,
     41.408137
    ]
   },
   "properties": {
    "id": "S88325147|Belted Kingfisher",
    "common_name": "Belted Kingfisher",
    "scientific_name": "Megaceryle alcyon",
    "date": "2021-05-16",
    "time": "08:30 AM",
    "location": "Sheldon Preserve",
    "count": "2",
    "checklist": "https://ebird.org/checklist/S88325147"
   }
  },
  {
   "type": "Feature",
   "geometry": {
    "type": "Point",
    "coordinates": [
     -82.602778,
     41.408137
    ]
   },
   "properties": {
    "id": "S88325147|Eastern Phoebe",
    "common_name": "Eastern Phoebe",
    "scientific_name": "Sayornis phoebe",
    "date": "2021-05-16",
    "time": "08:30 AM",
    "location": "Sheldon Preserve",
    "count": "1",
    "checklist": "https://ebird.org/checklist/S88325147"
   }
  },
  {
   "type": "Feature",
   "geometry": {
    "type": "Point",
    "coordinates": [
     -82.602778,
     41.408137
    ]
   },
   "properties": {
    "id": "S88325147|Song Sparrow",
    "common_name": "Song Sparrow",
    "scientific_name": "Melospiza melodia",
    "date": "2021-05-16",
    "time": "08:30 AM",
    "location": "Sheldon Preserve",
    "count": "4",
    "checklist": "https://ebird.org/checklist/S88325147"
   }
  },
  {
   "type": "Feature",
   "geometry": {
    "type": "Point",
    "coordinates": [
     -82.602778,
     41.408137
    ]
   },
   "properties": {
    "id": "S88325147|Rose-breasted Grosbeak",
    "common_name": "Rose-breasted Grosbeak",
    "scientific_name": "Pheucticus ludovicianus",
    "date": "2021-05-16",
    "time": "08:30 AM",
    "location": "Sheldon Preserve",
    "count": "1",
    "checklist": "https://ebird.org/checklist/S88325147"
   }
  },
  {
   "type": "Feature",
   "geometry": {
    "type": "Point",
    "coordinates": [
     -82.602778,
     41.408137
    ]
   },
   "properties": {
    "id": "S88325147|Gray Catbird",
    "common_name": "Gray Catbird",
    "scientific_name": "Dumetella carolinensis",
    "date": "2021-05-16",
    "time": "08:30 AM",
    "location": "Sheldon Preserve",
    "count": "1",
    "checklist": "https://ebird.org/checklist/S88325147"
   }
  },
  {
   "type": "Feature",
   "geometry": {
    "type": "Point",
    "coordinates": [
     -82.602778,
     41.408137
    ]
   },
   "properties": {
    "id": "S88325147|European Starling",
    "common_name": "European Starling",
    "scientific_name": "Sturnus vulgaris",
    "date": "2021-05-16",
    "time": "08:30 AM",
    "location": "Sheldon Preserve",
    "count": "4",
    "checklist": "https://ebird.org/checklist/S88325147"
   }
  },
  {
   "type": "Feature",
   "geometry": {
    "type": "Point",
    "coordinates": [
     -82.602778,
     41.408137
    ]
   },
   "properties": {
    "id": "S88325147|Ring-billed Gull",
    "common_name": "Ring-billed Gull",
    "scientific_name": "Larus delawarensis",
    "date": "2021-05-16",
    "time": "08:30 AM",
    "location": "Sheldon Preserve",
    "count": "3",
    "checklist": "https://ebird.org/checklist/S88325147"
   }
  },
  {
   "type": "Feature",
   "geometry": {
    "type": "Point",
    "coordinates": [
     -82.602778,
     41.408137
    ]
   },
   "properties": {
    "id": "S88325147|Eastern Kingbird",
    "common_name": "Eastern Kingbird",
    "scientific_name": "Tyrannus tyrannus",
    "date": "2021-05-16",
    "time": "08:30 AM",
    "location": "Sheldon Preserve",
    "count": "1",
    "checklist": "https://ebird.org/checklist/S88325147"
   }
  },
  {
   "type": "Feature",
   "geometry": {
    "type": "Point",
    "coordinates": [
     -82.602778,
     41.408137
    ]
   },
   "properties": {
    "id": "S88325147|Magnolia Warbler",
    "common_name": "Magnolia Warbler",
    "scientific_name": "Setophaga magnolia",
    "date": "2021-05-16",
    "time": "08:30 AM",
    "location": "Sheldon Preserve",
    "count": "1",
    "checklist": "https://ebird.org/checklist/S88325147"
   }
  },
  {
   "type": "Feature",
   "geometry": {
    "type": "Point",
    "coordinates": [
     -82.602778,
     41.408137
    ]
   },
   "properties": {
    "id": "S88325147|Blue Jay",
    "common_name": "Blue Jay",
    "scientific_name": "Cyanocitta cristata",
    "date": "2021-05-16",
    "time": "08:30 AM",
    "location": "Sheldon Preserve",
    "count": "4",
    "checklist": "https://ebird.org/checklist/S88325147"
   }
  },
  {
   "type": "Feature",
   "geometry": {
    "type": "Point",
    "coordinates": [
     -82.602778,
     41.408137
    ]
   },
   "properties": {
    "id": "S88325147|Mallard",
    "common_name": "Mallard",
    "scientific_name": "Anas platyrhynchos",
    "date": "2021-05-16",
    "time": "08:30 AM",
    "location": "Sheldon Preserve",
    "count": "2",
    "checklist": "https://ebird.org/checklist/S88325147"
   }
  },
  {
   "type": "Feature",
   "geometry": {
    "type": "Point",
    "coordinates": [
     -82.602778,
     41.408137
    ]
   },
   "properties": {
    "id": "S88325147|Eastern Warbling Vireo",
    "common_name": "Eastern Warbling Vireo",
    "scientific_name": "Vireo gilvus",
    "date": "2021-05-16",
    "time": "08:30 AM",
    "location": "Sheldon Preserve",
    "count": "1",
    "checklist": "https://ebird.org/checklist/S88325147"
   }
  },
  {
   "type": "Feature",
   "geometry": {
    "type": "Point",
    "coordinates": [
     -82.602778,
     41.408137
    ]
   },
   "properties": {
    "id": "S88325147|American Redstart",
    "common_name": "American Redstart",
    "scientific_name": "Setophaga ruticilla",
    "date": "2021-05-16",
    "time": "08:30 AM",
    "location": "Sheldon Preserve",
    "count": "1",
    "checklist": "https://ebird.org/checklist/S88325147"
   }
  },
  {
   "type": "Feature",
   "geometry": {
    "type": "Point",
    "coordinates": [
     -82.602778,
     41.408137
    ]
   },
   "properties": {
    "id": "S88325147|Red-eyed Vireo",
    "common_name": "Red-eyed Vireo",
    "scientific_name": "Vireo olivaceus",
    "date": "2021-05-16",
    "time": "08:30 AM",
    "location": "Sheldon Preserve",
    "count": "1",
    "checklist": "https://ebird.org/checklist/S88325147"
   }
  },
  {
   "type": "Feature",
   "geometry": {
    "type": "Point",
    "coordinates": [
     -82.602778,
     41.408137
    ]
   },
   "properties": {
    "id": "S88325147|Red-headed Woodpecker",
    "common_name": "Red-headed Woodpecker",
    "scientific_name": "Melanerpes erythrocephalus",
    "date": "2021-05-16",
    "time": "08:30 AM",
    "location": "Sheldon Preserve",
    "count": "4",
    "checklist": "https://ebird.org/checklist/S88325147"
   }
  },
  {
   "type": "Feature",
   "geometry": {
    "type": "Point",
    "coordinates": [
     -82.602778,
     41.408137
    ]
   },
   "properties": {
    "id": "S88325147|Brown-headed Cowbird",
    "common_name": "Brown-headed Cowbird",
    "scientific_name": "Molothrus ater",
    "date": "2021-05-16",
    "time": "08:30 AM",
    "location": "Sheldon Preserve",
    "count": "2",
    "checklist": "https://ebird.org/checklist/S88325147"
   }
  },
  {
   "type": "Feature",
   "geometry": {
    "type": "Point",
    "coordinates": [
     -82.602778,
     41.408137
    ]
   },
   "properties": {
    "id": "S88325147|Chestnut-sided Warbler",
    "common_name": "Chestnut-sided Warbler",
    "scientific_name": "Setophaga pensylvanica",
    "date": "2021-05-16",
    "time": "08:30 AM",
    "location": "Sheldon Preserve",
    "count": "2",
    "checklist": "https://ebird.org/checklist/S88325147"
   }
  },
  {
   "type": "Feature",
   "geometry": {
    "type": "Point",
    "coordinates": [
     -82.602778,
     41.408137
    ]
   },
   "properties": {
    "id": "S88325147|Canada Goose",
    "common_name": "Canada Goose",
    "scientific_name": "Branta canadensis",
    "date": "2021-05-16",
    "time": "08:30 AM",
    "location": "Sheldon Preserve",
    "count": "3",
    "checklist": "https://ebird.org/checklist/S88325147"
   }
  },
  {
   "type": "Feature",
   "geometry": {
    "type": "Point",
    "coordinates": [
     -82.602778,
     41.408137
    ]
   },
   "properties": {
    "id": "S88325147|Downy Woodpecker",
    "common_name": "Downy Woodpecker",
    "scientific_name": "Dryobates pubescens",
    "date": "2021-05-16",
    "time": "08:30 AM",
    "location": "Sheldon Preserve",
    "count": "2",
    "checklist": "https://ebird.org/checklist/S88325147"
   }
  },
  {
   "type": "Feature",
   "geometry": {
    "type": "Point",
    "coordinates": [
     -82.602778,
     41.408137
    ]
   },
   "properties": {
    "id": "S88325147|Purple Martin",
    "common_name": "Purple Martin",
    "scientific_name": "Progne subis",
    "date": "2021-05-16",
    "time": "08:30 AM",
    "location": "Sheldon Preserve",
    "count": "10",
    "checklist": "https://ebird.org/checklist/S88325147"
   }
  },
  {
   "type": "Feature",
   "geometry": {
    "type": "Point",
    "coordinates": [
     -82.602778,
     41.408137
    ]
   },
   "properties": {
    "id": "S88325147|Tree Swallow",
    "common_name": "Tree Swallow",
    "scientific_name": "Tachycineta bicolor",
    "date": "2021-05-16",
    "time": "08:30 AM",
    "location": "Sheldon Preserve",
    "count": "10",
    "checklist": "https://ebird.org/checklist/S88325147"
   }
  },
  {
   "type": "Feature",
   "geometry": {
    "type": "Point",
    "coordinates": [
     -82.602778,
     41.408137
    ]
   },
   "properties": {
    "id": "S88325147|Northern Rough-winged Swallow",
    "common_name": "Northern Rough-winged Swallow",
    "scientific_name": "Stelgidopteryx serripennis",
    "date": "2021-05-16",
    "time": "08:30 AM",
    "location": "Sheldon Preserve",
    "count": "2",
    "checklist": "https://ebird.org/checklist/S88325147"
   }
  },
  {
   "type": "Feature",
   "geometry": {
    "type": "Point",
    "coordinates": [
     -82.602778,
     41.408137
    ]
   },
   "properties": {
    "id": "S88325147|Red-tailed Hawk",
    "common_name": "Red-tailed Hawk",
    "scientific_name": "Buteo jamaicensis",
    "date": "2021-05-16",
    "time": "08:30 AM",
    "location": "Sheldon Preserve",
    "count": "1",
    "checklist": "https://ebird.org/checklist/S88325147"
   }
  },
  {
   "type": "Feature",
   "geometry": {
    "type": "Point",
    "coordinates": [
     -82.602778,
     41.408137
    ]
   },
   "properties": {
    "id": "S88325147|Wood Duck",
    "common_name": "Wood Duck",
    "scientific_name": "Aix sponsa",
    "date": "2021-05-16",
    "time": "08:30 AM",
    "location": "Sheldon Preserve",
    "count": "2",
    "checklist": "https://ebird.org/checklist/S88325147"
   }
  },
  {
   "type": "Feature",
   "geometry": {
    "type": "Point",
    "coordinates": [
     -82.602778,
     41.408137
    ]
   },
   "properties": {
    "id": "S88325147|Turkey Vulture",
    "common_name": "Turkey Vulture",
    "scientific_name": "Cathartes aura",
    "date": "2021-05-16",
    "time": "08:30 AM",
    "location": "Sheldon Preserve",
    "count": "12",
    "checklist": "https://ebird.org/checklist/S88325147"
   }
  },
  {
   "type": "Feature",
   "geometry": {
    "type": "Point",
    "coordinates": [
     -82.602778,
     41.408137
    ]
   },
   "properties": {
    "id": "S88325147|Great Egret",
    "common_name": "Great Egret",
    "scientific_name": "Ardea alba",
    "date": "2021-05-16",
    "time": "08:30 AM",
    "location": "Sheldon Preserve",
    "count": "2",
    "checklist": "https://ebird.org/checklist/S88325147"
   }
  },
  {
   "type": "Feature",
   "geometry": {
    "type": "Point",
    "coordinates": [
     -82.602778,
     41.408137
    ]
   },
   "properties": {
    "id": "S88325147|Red-bellied Woodpecker",
    "common_name": "Red-bellied Woodpecker",
    "scientific_name": "Melanerpes carolinus",
    "date": "2021-05-16",
    "time": "08:30 AM",
    "location": "Sheldon Preserve",
    "count": "2",
    "checklist": "https://ebird.org/checklist/S88325147"
   }
  },
  {
   "type": "Feature",
   "geometry": {
    "type": "Point",
    "coordinates": [
     -82.602778,
     41.408137
    ]
   },
   "properties": {
    "id": "S88325147|Common Grackle",
    "common_name": "Common Grackle",
    "scientific_name": "Quiscalus quiscula",
    "date": "2021-05-16",
    "time": "08:30 AM",
    "location": "Sheldon Preserve",
    "count": "4",
    "checklist": "https://ebird.org/checklist/S88325147"
   }
  },
  {
   "type": "Feature",
   "geometry": {
    "type": "Point",
    "coordinates": [
     -82.602778,
     41.408137
    ]
   },
   "properties": {
    "id": "S88325147|Indigo Bunting",
    "common_name": "Indigo Bunting",
    "scientific_name": "Passerina cyanea",
    "date": "2021-05-16",
    "time": "08:30 AM",
    "location": "Sheldon Preserve",
    "count": "1",
    "checklist": "https://ebird.org/checklist/S88325147"
   }
  },
  {
   "type": "Feature",
   "geometry": {
    "type": "Point",
    "coordinates": [
     -82.602778,
     41.408137
    ]
   },
   "properties": {
    "id": "S88325147|Great Blue Heron",
    "common_name": "Great Blue Heron",
    "scientific_name": "Ardea herodias",
    "date": "2021-05-16",
    "time": "08:30 AM",
    "location": "Sheldon Preserve",
    "count": "1",
    "checklist": "https://ebird.org/checklist/S88325147"
   }
  },
  {
   "type": "Feature",
   "geometry": {
    "type": "Point",
    "coordinates": [
     -82.602778,
     41.408137
    ]
   },
   "properties": {
    "id": "S88325147|Double-crested Cormorant",
    "common_name": "Double-crested Cormorant",
    "scientific_name": "Nannopterum auritum",
    "date": "2021-05-16",
    "time": "08:30 AM",
    "location": "Sheldon Preserve",
    "count": "2",
    "checklist": "https://ebird.org/checklist/S88325147"
   }
  },
  {
   "type": "Feature",
   "geometry": {
    "type": "Point",
    "coordinates": [
     -82.601205,
     41.41674
    ]
   },
   "properties": {
    "id": "S88289217|Chipping Sparrow",
    "common_name": "Chipping Sparrow",
    "scientific_name": "Spizella passerina",
    "date": "2021-05-16",
    "time": "nan",
    "location": "Sheldon",
    "count": "X",
    "checklist": "https://ebird.org/checklist/S88289217"
   }
  },
  {
   "type": "Feature",
   "geometry": {
    "type": "Point",
    "coordinates": [
     -82.602778,
     41.408137
    ]
   },
   "properties": {
    "id": "S88325147|Baltimore Oriole",
    "common_name": "Baltimore Oriole",
    "scientific_name": "Icterus galbula",
    "date": "2021-05-16",
    "time": "08:30 AM",
    "location": "Sheldon Preserve",
    "count": "5",
    "checklist": "https://ebird.org/checklist/S88325147"
   }
  },
  {
   "type": "Feature",
   "geometry": {
    "type": "Point",
    "coordinates": [
     -82.602778,
     41.408137
    ]
   },
   "properties": {
    "id": "S88325147|Black-throated Green Warbler",
    "common_name": "Black-throated Green Warbler",
    "scientific_name": "Setophaga virens",
    "date": "2021-05-16",
    "time": "08:30 AM",
    "location": "Sheldon Preserve",
    "count": "1",
    "checklist": "https://ebird.org/checklist/S88325147"
   }
  },
  {
   "type": "Feature",
   "geometry": {
    "type": "Point",
    "coordinates": [
     -82.602778,
     41.408137
    ]
   },
   "properties": {
    "id": "S88325147|Northern Cardinal",
    "common_name": "Northern Cardinal",
    "scientific_name": "Cardinalis cardinalis",
    "date": "2021-05-16",
    "time": "08:30 AM",
    "location": "Sheldon Preserve",
    "count": "3",
    "checklist": "https://ebird.org/checklist/S88325147"
   }
  },
  {
   "type": "Feature",
   "geometry": {
    "type": "Point",
    "coordinates": [
     -82.602778,
     41.408137
    ]
   },
   "properties": {
    "id": "S88325147|Red-winged Blackbird",
    "common_name": "Red-winged Blackbird",
    "scientific_name": "Agelaius phoeniceus",
    "date": "2021-05-16",
    "time": "08:30 AM",
    "location": "Sheldon Preserve",
    "count": "20",
    "checklist": "https://ebird.org/checklist/S88325147"
   }
  },
  {
   "type": "Feature",
   "geometry": {
    "type": "Point",
    "coordinates": [
     -82.602778,
     41.408137
    ]
   },
   "properties": {
    "id": "S88325147|Yellow-rumped Warbler",
    "common_name": "Yellow-rumped Warbler",
    "scientific_name": "Setophaga coronata",
    "date": "2021-05-16",
    "time": "08:30 AM",
    "location": "Sheldon Preserve",
    "count": "1",
    "checklist": "https://ebird.org/checklist/S88325147"
   }
  },
  {
   "type": "Feature",
   "geometry": {
    "type": "Point",
    "coordinates": [
     -82.602778,
     41.408137
    ]
   },
   "properties": {
    "id": "S88325147|Black-capped Chickadee",
    "common_name": "Black-capped Chickadee",
    "scientific_name": "Poecile atricapillus",
    "date": "2021-05-16",
    "time": "08:30 AM",
    "location": "Sheldon Preserve",
    "count": "1",
    "checklist": "https://ebird.org/checklist/S88325147"
   }
  },
  {
   "type": "Feature",
   "geometry": {
    "type": "Point",
    "coordinates": [
     -82.602778,
     41.408137
    ]
   },
   "properties": {
    "id": "S88325147|American Kestrel",
    "common_name": "American Kestrel",
    "scientific_name": "Falco sparverius",
    "date": "2021-05-16",
    "time": "08:30 AM",
    "location": "Sheldon Preserve",
    "count": "1",
    "checklist": "https://ebird.org/checklist/S88325147"
   }
  },
  {
   "type": "Feature",
   "geometry": {
    "type": "Point",
    "coordinates": [
     -82.602778,
     41.408137
    ]
   },
   "properties": {
    "id": "S88325147|Mourning Dove",
    "common_name": "Mourning Dove",
    "scientific_name": "Zenaida macroura",
    "date": "2021-05-16",
    "time": "08:30 AM",
    "location": "Sheldon Preserve",
    "count": "5",
    "checklist": "https://ebird.org/checklist/S88325147"
   }
  },
  {
   "type": "Feature",
   "geometry": {
    "type": "Point",
    "coordinates": [
     -81.908145,
     40.544374
    ]
   },
   "properties": {
    "id": "S89339651|Brown Thrasher",
    "common_name": "Brown Thrasher",
    "scientific_name": "Toxostoma rufum",
    "date": "2021-05-31",
    "time": "nan",
    "location": "Fire Ridge",
    "count": "X",
    "checklist": "https://ebird.org/checklist/S89339651"
   }
  },
  {
   "type": "Feature",
   "geometry": {
    "type": "Point",
    "coordinates": [
     -82.032488,
     40.573953
    ]
   },
   "properties": {
    "id": "S89357264|Northern Mockingbird",
    "common_name": "Northern Mockingbird",
    "scientific_name": "Mimus polyglottos",
    "date": "2021-05-31",
    "time": "nan",
    "location": "Aunt Beths",
    "count": "X",
    "checklist": "https://ebird.org/checklist/S89357264"
   }
  },
  {
   "type": "Feature",
   "geometry": {
    "type": "Point",
    "coordinates": [
     -82.466631,
     39.591314
    ]
   },
   "properties": {
    "id": "S89616951|Eastern Wood-Pewee",
    "common_name": "Eastern Wood-Pewee",
    "scientific_name": "Contopus virens",
    "date": "2021-06-04",
    "time": "nan",
    "location": "Hocking Cabin",
    "count": "X",
    "checklist": "https://ebird.org/checklist/S89616951"
   }
  },
  {
   "type": "Feature",
   "geometry": {
    "type": "Point",
    "coordinates": [
     -82.466631,
     39.591314
    ]
   },
   "properties": {
    "id": "S89646245|Cedar Waxwing",
    "common_name": "Cedar Waxwing",
    "scientific_name": "Bombycilla cedrorum",
    "date": "2021-06-05",
    "time": "nan",
    "location": "Hocking Cabin",
    "count": "X",
    "checklist": "https://ebird.org/checklist/S89646245"
   }
  },
  {
   "type": "Feature",
   "geometry": {
    "type": "Point",
    "coordinates": [
     -95.175076,
     45.832643
    ]
   },
   "properties": {
    "id": "S90972282|American White Pelican",
    "common_name": "American White Pelican",
    "scientific_name": "Pelecanus erythrorhynchos",
    "date": "2021-06-29",
    "time": "nan",
    "location": "Driving On 94",
    "count": "X",
    "checklist": "https://ebird.org/checklist/S90972282"
   }
  },
  {
   "type": "Feature",
   "geometry": {
    "type": "Point",
    "coordinates": [
     -98.192932,
     46.906844
    ]
   },
   "properties": {
    "id": "S90979702|Cliff Swallow",
    "common_name": "Cliff Swallow",
    "scientific_name": "Petrochelidon pyrrhonota",
    "date": "2021-06-29",
    "time": "nan",
    "location": "ND after Fargo",
    "count": "X",
    "checklist": "https://ebird.org/checklist/S90979702"
   }
  },
  {
   "type": "Feature",
   "geometry": {
    "type": "Point",
    "coordinates": [
     -101.572733,
     46.861727
    ]
   },
   "properties": {
    "id": "S90989940|Northern Harrier",
    "common_name": "Northern Harrier",
    "scientific_name": "Circus hudsonius",
    "date": "2021-06-29",
    "time": "nan",
    "location": "Theodore NP",
    "count": "X",
    "checklist": "https://ebird.org/checklist/S90989940"
   }
  },
  {
   "type": "Feature",
   "geometry": {
    "type": "Point",
    "coordinates": [
     -97.073977,
     46.877224
    ]
   },
   "properties": {
    "id": "S90979650|Western Grebe",
    "common_name": "Western Grebe",
    "scientific_name": "Aechmophorus occidentalis",
    "date": "2021-06-29",
    "time": "nan",
    "location": "ND after Fargo",
    "count": "X",
    "checklist": "https://ebird.org/checklist/S90979650"
   }
  },
  {
   "type": "Feature",
   "geometry": {
    "type": "Point",
    "coordinates": [
     -112.7826,
     46.193805
    ]
   },
   "properties": {
    "id": "S91030071|Osprey",
    "common_name": "Osprey",
    "scientific_name": "Pandion haliaetus",
    "date": "2021-06-30",
    "time": "nan",
    "location": "Anaconda",
    "count": "X",
    "checklist": "https://ebird.org/checklist/S91030071"
   }
  },
  {
   "type": "Feature",
   "geometry": {
    "type": "Point",
    "coordinates": [
     -105.990782,
     46.318996
    ]
   },
   "properties": {
    "id": "S91015143|Brewer's Blackbird",
    "common_name": "Brewer's Blackbird",
    "scientific_name": "Euphagus cyanocephalus",
    "date": "2021-06-30",
    "time": "nan",
    "location": "On 94",
    "count": "X",
    "checklist": "https://ebird.org/checklist/S91015143"
   }
  },
  {
   "type": "Feature",
   "geometry": {
    "type": "Point",
    "coordinates": [
     -108.155571,
     45.937108
    ]
   },
   "properties": {
    "id": "S91019044|Common Raven",
    "common_name": "Common Raven",
    "scientific_name": "Corvus corax",
    "date": "2021-06-30",
    "time": "nan",
    "location": "Close to Billings",
    "count": "X",
    "checklist": "https://ebird.org/checklist/S91019044"
   }
  },
  {
   "type": "Feature",
   "geometry": {
    "type": "Point",
    "coordinates": [
     -112.397848,
     45.917265
    ]
   },
   "properties": {
    "id": "S91029008|Swainson's Hawk",
    "common_name": "Swainson's Hawk",
    "scientific_name": "Buteo swainsoni",
    "date": "2021-06-30",
    "time": "nan",
    "location": "Butte",
    "count": "X",
    "checklist": "https://ebird.org/checklist/S91029008"
   }
  },
  {
   "type": "Feature",
   "geometry": {
    "type": "Point",
    "coordinates": [
     -110.006825,
     45.81168
    ]
   },
   "properties": {
    "id": "S91024273|Say's Phoebe",
    "common_name": "Say's Phoebe",
    "scientific_name": "Sayornis saya",
    "date": "2021-06-30",
    "time": "nan",
    "location": "Town Pump",
    "count": "X",
    "checklist": "https://ebird.org/checklist/S91024273"
   }
  },
  {
   "type": "Feature",
   "geometry": {
    "type": "Point",
    "coordinates": [
     -108.48603,
     45.775887
    ]
   },
   "properties": {
    "id": "S91019758|Black-billed Magpie",
    "common_name": "Black-billed Magpie",
    "scientific_name": "Pica hudsonia",
    "date": "2021-06-30",
    "time": "nan",
    "location": "Billings",
    "count": "X",
    "checklist": "https://ebird.org/checklist/S91019758"
   }
  },
  {
   "type": "Feature",
   "geometry": {
    "type": "Point",
    "coordinates": [
     -114.50492,
     47.014782
    ]
   },
   "properties": {
    "id": "S91036262|Bald Eagle",
    "common_name": "Bald Eagle",
    "scientific_name": "Haliaeetus leucocephalus",
    "date": "2021-06-30",
    "time": "nan",
    "location": "entering Tree Territory",
    "count": "X",
    "checklist": "https://ebird.org/checklist/S91036262"
   }
  },
  {
   "type": "Feature",
   "geometry": {
    "type": "Point",
    "coordinates": [
     -106.401387,
     46.267701
    ]
   },
   "properties": {
    "id": "S91015577|Western Meadowlark",
    "common_name": "Western Meadowlark",
    "scientific_name": "Sturnella neglecta",
    "date": "2021-06-30",
    "time": "nan",
    "location": "On 94",
    "count": "X",
    "checklist": "https://ebird.org/checklist/S91015577"
   }
  },
  {
   "type": "Feature",
   "geometry": {
    "type": "Point",
    "coordinates": [
     -105.062765,
     46.88309
    ]
   },
   "properties": {
    "id": "S91013018|Eurasian Collared-Dove",
    "common_name": "Eurasian Collared-Dove",
    "scientific_name": "Streptopelia decaocto",
    "date": "2021-06-30",
    "time": "nan",
    "location": "Glendive 94",
    "count": "X",
    "checklist": "https://ebird.org/checklist/S91013018"
   }
  },
  {
   "type": "Feature",
   "geometry": {
    "type": "Point",
    "coordinates": [
     -119.334916,
     47.104112
    ]
   },
   "properties": {
    "id": "S91074796|Swainson's Hawk",
    "common_name": "Swainson's Hawk",
    "scientific_name": "Buteo swainsoni",
    "date": "2021-07-01",
    "time": "nan",
    "location": "Close To Foothills",
    "count": "X",
    "checklist": "https://ebird.org/checklist/S91074796"
   }
  },
  {
   "type": "Feature",
   "geometry": {
    "type": "Point",
    "coordinates": [
     -122.297717,
     47.915287
    ]
   },
   "properties": {
    "id": "S91568383|Spotted Towhee",
    "common_name": "Spotted Towhee",
    "scientific_name": "Pipilo maculatus",
    "date": "2021-07-10",
    "time": "nan",
    "location": "Big Gulch",
    "count": "X",
    "checklist": "https://ebird.org/checklist/S91568383"
   }
  },
  {
   "type": "Feature",
   "geometry": {
    "type": "Point",
    "coordinates": [
     -122.298938,
     47.91147
    ]
   },
   "properties": {
    "id": "S91567505|Wilson's Warbler",
    "common_name": "Wilson's Warbler",
    "scientific_name": "Cardellina pusilla",
    "date": "2021-07-10",
    "time": "nan",
    "location": "Big Gulch",
    "count": "X",
    "checklist": "https://ebird.org/checklist/S91567505"
   }
  },
  {
   "type": "Feature",
   "geometry": {
    "type": "Point",
    "coordinates": [
     -121.77821,
     46.850238
    ]
   },
   "properties": {
    "id": "S91916748|Canada Jay",
    "common_name": "Canada Jay",
    "scientific_name": "Perisoreus canadensis",
    "date": "2021-07-17",
    "time": "nan",
    "location": "Snow Lake",
    "count": "X",
    "checklist": "https://ebird.org/checklist/S91916748"
   }
  },
  {
   "type": "Feature",
   "geometry": {
    "type": "Point",
    "coordinates": [
     -122.379798,
     47.588777
    ]
   },
   "properties": {
    "id": "S92255040|California Gull",
    "common_name": "California Gull",
    "scientific_name": "Larus californicus",
    "date": "2021-07-24",
    "time": "nan",
    "location": "Mai Tai",
    "count": "X",
    "checklist": "https://ebird.org/checklist/S92255040"
   }
  },
  {
   "type": "Feature",
   "geometry": {
    "type": "Point",
    "coordinates": [
     -122.339207,
     47.646256
    ]
   },
   "properties": {
    "id": "S92640893|Glaucous-winged Gull",
    "common_name": "Glaucous-winged Gull",
    "scientific_name": "Larus glaucescens",
    "date": "2021-08-01",
    "time": "nan",
    "location": "Gasworks Prk",
    "count": "X",
    "checklist": "https://ebird.org/checklist/S92640893"
   }
  },
  {
   "type": "Feature",
   "geometry": {
    "type": "Point",
    "coordinates": [
     -122.187546,
     48.076135
    ]
   },
   "properties": {
    "id": "S92914199|Caspian Tern",
    "common_name": "Caspian Tern",
    "scientific_name": "Hydroprogne caspia",
    "date": "2021-08-07",
    "time": "nan",
    "location": "Port Gardner",
    "count": "X",
    "checklist": "https://ebird.org/checklist/S92914199"
   }
  },
  {
   "type": "Feature",
   "geometry": {
    "type": "Point",
    "coordinates": [
     -121.658263,
     48.675357
    ]
   },
   "properties": {
    "id": "S94534147|Pacific Wren",
    "common_name": "Pacific Wren",
    "scientific_name": "Troglodytes pacificus",
    "date": "2021-09-11",
    "time": "nan",
    "location": "Baker Trail South",
    "count": "X",
    "checklist": "https://ebird.org/checklist/S94534147"
   }
  },
  {
   "type": "Feature",
   "geometry": {
    "type": "Point",
    "coordinates": [
     -121.658263,
     48.675357
    ]
   },
   "properties": {
    "id": "S94534103|Chestnut-backed Chickadee",
    "common_name": "Chestnut-backed Chickadee",
    "scientific_name": "Poecile rufescens",
    "date": "2021-09-11",
    "time": "nan",
    "location": "Baker Trail South",
    "count": "X",
    "checklist": "https://ebird.org/checklist/S94534103"
   }
  },
  {
   "type": "Feature",
   "geometry": {
    "type": "Point",
    "coordinates": [
     -122.214094,
     47.703173
    ]
   },
   "properties": {
    "id": "S94878892|Belted Kingfisher",
    "common_name": "Belted Kingfisher",
    "scientific_name": "Megaceryle alcyon",
    "date": "2021-09-18",
    "time": "nan",
    "location": "Juanita Bay",
    "count": "X",
    "checklist": "https://ebird.org/checklist/S94878892"
   }
  },
  {
   "type": "Feature",
   "geometry": {
    "type": "Point",
    "coordinates": [
     -122.525817,
     47.912043
    ]
   },
   "properties": {
    "id": "S95952452|Common Loon",
    "common_name": "Common Loon",
    "scientific_name": "Gavia immer",
    "date": "2021-10-08",
    "time": "04:16 PM",
    "location": "Point No Point Park, Hansville US-WA 47.91204, -122.52582",
    "count": "1",
    "checklist": "https://ebird.org/checklist/S95952452"
   }
  },
  {
   "type": "Feature",
   "geometry": {
    "type": "Point",
    "coordinates": [
     -122.525817,
     47.912043
    ]
   },
   "properties": {
    "id": "S95952452|Pacific Loon",
    "common_name": "Pacific Loon",
    "scientific_name": "Gavia pacifica",
    "date": "2021-10-08",
    "time": "04:16 PM",
    "location": "Point No Point Park, Hansville US-WA 47.91204, -122.52582",
    "count": "7",
    "checklist": "https://ebird.org/checklist/S95952452"
   }
  },
  {
   "type": "Feature",
   "geometry": {
    "type": "Point",
    "coordinates": [
     -122.525817,
     47.912043
    ]
   },
   "properties": {
    "id": "S95952452|Orange-crowned Warbler",
    "common_name": "Orange-crowned Warbler",
    "scientific_name": "Leiothlypis celata",
    "date": "2021-10-08",
    "time": "04:16 PM",
    "location": "Point No Point Park, Hansville US-WA 47.91204, -122.52582",
    "count": "1",
    "checklist": "https://ebird.org/checklist/S95952452"
   }
  },
  {
   "type": "Feature",
   "geometry": {
    "type": "Point",
    "coordinates": [
     -122.525817,
     47.912043
    ]
   },
   "properties": {
    "id": "S95952452|White-crowned Sparrow",
    "common_name": "White-crowned Sparrow",
    "scientific_name": "Zonotrichia leucophrys",
    "date": "2021-10-08",
    "time": "04:16 PM",
    "location": "Point No Point Park, Hansville US-WA 47.91204, -122.52582",
    "count": "3",
    "checklist": "https://ebird.org/checklist/S95952452"
   }
  },
  {
   "type": "Feature",
   "geometry": {
    "type": "Point",
    "coordinates": [
     -123.1865094,
     48.1463111
    ]
   },
   "properties": {
    "id": "S95952450|Surf Scoter",
    "common_name": "Surf Scoter",
    "scientific_name": "Melanitta perspicillata",
    "date": "2021-10-09",
    "time": "09:57 AM",
    "location": "Dungeness NWR",
    "count": "1",
    "checklist": "https://ebird.org/checklist/S95952450"
   }
  },
  {
   "type": "Feature",
   "geometry": {
    "type": "Point",
    "coordinates": [
     -123.1865094,
     48.1463111
    ]
   },
   "properties": {
    "id": "S95952450|Gadwall",
    "common_name": "Gadwall",
    "scientific_name": "Mareca strepera",
    "date": "2021-10-09",
    "time": "09:57 AM",
    "location": "Dungeness NWR",
    "count": "21",
    "checklist": "https://ebird.org/checklist/S95952450"
   }
  },
  {
   "type": "Feature",
   "geometry": {
    "type": "Point",
    "coordinates": [
     -123.1865094,
     48.1463111
    ]
   },
   "properties": {
    "id": "S95952450|Barred Owl",
    "common_name": "Barred Owl",
    "scientific_name": "Strix varia",
    "date": "2021-10-09",
    "time": "09:57 AM",
    "location": "Dungeness NWR",
    "count": "1",
    "checklist": "https://ebird.org/checklist/S95952450"
   }
  },
  {
   "type": "Feature",
   "geometry": {
    "type": "Point",
    "coordinates": [
     -123.1865094,
     48.1463111
    ]
   },
   "properties": {
    "id": "S95952450|White-winged Scoter",
    "common_name": "White-winged Scoter",
    "scientific_name": "Melanitta deglandi",
    "date": "2021-10-09",
    "time": "09:57 AM",
    "location": "Dungeness NWR",
    "count": "17",
    "checklist": "https://ebird.org/checklist/S95952450"
   }
  },
  {
   "type": "Feature",
   "geometry": {
    "type": "Point",
    "coordinates": [
     -123.1865094,
     48.1463111
    ]
   },
   "properties": {
    "id": "S95952450|Chestnut-backed Chickadee",
    "common_name": "Chestnut-backed Chickadee",
    "scientific_name": "Poecile rufescens",
    "date": "2021-10-09",
    "time": "09:57 AM",
    "location": "Dungeness NWR",
    "count": "2",
    "checklist": "https://ebird.org/checklist/S95952450"
   }
  },
  {
   "type": "Feature",
   "geometry": {
    "type": "Point",
    "coordinates": [
     -123.1865094,
     48.1463111
    ]
   },
   "properties": {
    "id": "S95952450|Glaucous-winged Gull",
    "common_name": "Glaucous-winged Gull",
    "scientific_name": "Larus glaucescens",
    "date": "2021-10-09",
    "time": "09:57 AM",
    "location": "Dungeness NWR",
    "count": "22",
    "checklist": "https://ebird.org/checklist/S95952450"
   }
  },
  {
   "type": "Feature",
   "geometry": {
    "type": "Point",
    "coordinates": [
     -123.1865094,
     48.1463111
    ]
   },
   "properties": {
    "id": "S95952450|Pacific Wren",
    "common_name": "Pacific Wren",
    "scientific_name": "Troglodytes pacificus",
    "date": "2021-10-09",
    "time": "09:57 AM",
    "location": "Dungeness NWR",
    "count": "2",
    "checklist": "https://ebird.org/checklist/S95952450"
   }
  },
  {
   "type": "Feature",
   "geometry": {
    "type": "Point",
    "coordinates": [
     -123.1865094,
     48.1463111
    ]
   },
   "properties": {
    "id": "S95952450|Caspian Tern",
    "common_name": "Caspian Tern",
    "scientific_name": "Hydroprogne caspia",
    "date": "2021-10-09",
    "time": "09:57 AM",
    "location": "Dungeness NWR",
    "count": "3",
    "checklist": "https://ebird.org/checklist/S95952450"
   }
  },
  {
   "type": "Feature",
   "geometry": {
    "type": "Point",
    "coordinates": [
     -123.1865094,
     48.1463111
    ]
   },
   "properties": {
    "id": "S95952450|Savannah Sparrow",
    "common_name": "Savannah Sparrow",
    "scientific_name": "Passerculus sandwichensis",
    "date": "2021-10-09",
    "time": "09:57 AM",
    "location": "Dungeness NWR",
    "count": "14",
    "checklist": "https://ebird.org/checklist/S95952450"
   }
  },
  {
   "type": "Feature",
   "geometry": {
    "type": "Point",
    "coordinates": [
     -123.1865094,
     48.1463111
    ]
   },
   "properties": {
    "id": "S95952450|Sanderling",
    "common_name": "Sanderling",
    "scientific_name": "Calidris alba",
    "date": "2021-10-09",
    "time": "09:57 AM",
    "location": "Dungeness NWR",
    "count": "2",
    "checklist": "https://ebird.org/checklist/S95952450"
   }
  },
  {
   "type": "Feature",
   "geometry": {
    "type": "Point",
    "coordinates": [
     -123.1865094,
     48.1463111
    ]
   },
   "properties": {
    "id": "S95952450|Common Loon",
    "common_name": "Common Loon",
    "scientific_name": "Gavia immer",
    "date": "2021-10-09",
    "time": "09:57 AM",
    "location": "Dungeness NWR",
    "count": "2",
    "checklist": "https://ebird.org/checklist/S95952450"
   }
  },
  {
   "type": "Feature",
   "geometry": {
    "type": "Point",
    "coordinates": [
     -123.1865094,
     48.1463111
    ]
   },
   "properties": {
    "id": "S95952450|Ruby-crowned Kinglet",
    "common_name": "Ruby-crowned Kinglet",
    "scientific_name": "Corthylio calendula",
    "date": "2021-10-09",
    "time": "09:57 AM",
    "location": "Dungeness NWR",
    "count": "4",
    "checklist": "https://ebird.org/checklist/S95952450"
   }
  },
  {
   "type": "Feature",
   "geometry": {
    "type": "Point",
    "coordinates": [
     -123.1865094,
     48.1463111
    ]
   },
   "properties": {
    "id": "S95952450|Pelagic Cormorant",
    "common_name": "Pelagic Cormorant",
    "scientific_name": "Urile pelagicus",
    "date": "2021-10-09",
    "time": "09:57 AM",
    "location": "Dungeness NWR",
    "count": "1",
    "checklist": "https://ebird.org/checklist/S95952450"
   }
  },
  {
   "type": "Feature",
   "geometry": {
    "type": "Point",
    "coordinates": [
     -123.1865094,
     48.1463111
    ]
   },
   "properties": {
    "id": "S95952450|American Wigeon",
    "common_name": "American Wigeon",
    "scientific_name": "Mareca americana",
    "date": "2021-10-09",
    "time": "09:57 AM",
    "location": "Dungeness NWR",
    "count": "26",
    "checklist": "https://ebird.org/checklist/S95952450"
   }
  },
  {
   "type": "Feature",
   "geometry": {
    "type": "Point",
    "coordinates": [
     -123.1865094,
     48.1463111
    ]
   },
   "properties": {
    "id": "S95952450|Double-crested Cormorant",
    "common_name": "Double-crested Cormorant",
    "scientific_name": "Nannopterum auritum",
    "date": "2021-10-09",
    "time": "09:57 AM",
    "location": "Dungeness NWR",
    "count": "6",
    "checklist": "https://ebird.org/checklist/S95952450"
   }
  },
  {
   "type": "Feature",
   "geometry": {
    "type": "Point",
    "coordinates": [
     -123.1865094,
     48.1463111
    ]
   },
   "properties": {
    "id": "S95952450|Common Merganser",
    "common_name": "Common Merganser",
    "scientific_name": "Mergus merganser",
    "date": "2021-10-09",
    "time": "09:57 AM",
    "location": "Dungeness NWR",
    "count": "1",
    "checklist": "https://ebird.org/checklist/S95952450"
   }
  },
  {
   "type": "Feature",
   "geometry": {
    "type": "Point",
    "coordinates": [
     -123.1865094,
     48.1463111
    ]
   },
   "properties": {
    "id": "S95952450|Bald Eagle",
    "common_name": "Bald Eagle",
    "scientific_name": "Haliaeetus leucocephalus",
    "date": "2021-10-09",
    "time": "09:57 AM",
    "location": "Dungeness NWR",
    "count": "3",
    "checklist": "https://ebird.org/checklist/S95952450"
   }
  },
  {
   "type": "Feature",
   "geometry": {
    "type": "Point",
    "coordinates": [
     -122.187026,
     48.091952
    ]
   },
   "properties": {
    "id": "S96238060|Brewer's Blackbird",
    "common_name": "Brewer's Blackbird",
    "scientific_name": "Euphagus cyanocephalus",
    "date": "2021-10-16",
    "time": "nan",
    "location": "Outlet Mall Parking Lot",
    "count": "X",
    "checklist": "https://ebird.org/checklist/S96238060"
   }
  },
  {
   "type": "Feature",
   "geometry": {
    "type": "Point",
    "coordinates": [
     -122.214094,
     47.703173
    ]
   },
   "properties": {
    "id": "S96607411|American Coot",
    "common_name": "American Coot",
    "scientific_name": "Fulica americana",
    "date": "2021-10-23",
    "time": "nan",
    "location": "Juanita Bay",
    "count": "X",
    "checklist": "https://ebird.org/checklist/S96607411"
   }
  },
  {
   "type": "Feature",
   "geometry": {
    "type": "Point",
    "coordinates": [
     -122.334898,
     47.653955
    ]
   },
   "properties": {
    "id": "S99961515|Steller's Jay",
    "common_name": "Steller's Jay",
    "scientific_name": "Cyanocitta stelleri",
    "date": "2022-01-02",
    "time": "nan",
    "location": "Airbnb",
    "count": "X",
    "checklist": "https://ebird.org/checklist/S99961515"
   }
  },
  {
   "type": "Feature",
   "geometry": {
    "type": "Point",
    "coordinates": [
     -122.296052,
     47.656466
    ]
   },
   "properties": {
    "id": "S100455447|Cooper's Hawk",
    "common_name": "Cooper's Hawk",
    "scientific_name": "Astur cooperii",
    "date": "2022-01-09",
    "time": "nan",
    "location": "Montlake Fill",
    "count": "X",
    "checklist": "https://ebird.org/checklist/S100455447"
   }
  },
  {
   "type": "Feature",
   "geometry": {
    "type": "Point",
    "coordinates": [
     -122.290562,
     47.655131
    ]
   },
   "properties": {
    "id": "S100458336|Ring-necked Duck",
    "common_name": "Ring-necked Duck",
    "scientific_name": "Aythya collaris",
    "date": "2022-01-09",
    "time": "nan",
    "location": ".",
    "count": "X",
    "checklist": "https://ebird.org/checklist/S100458336"
   }
  },
  {
   "type": "Feature",
   "geometry": {
    "type": "Point",
    "coordinates": [
     -122.286549,
     47.656438
    ]
   },
   "properties": {
    "id": "S100458279|Bufflehead",
    "common_name": "Bufflehead",
    "scientific_name": "Bucephala albeola",
    "date": "2022-01-09",
    "time": "nan",
    "location": "Montlake Fill",
    "count": "X",
    "checklist": "https://ebird.org/checklist/S100458279"
   }
  },
  {
   "type": "Feature",
   "geometry": {
    "type": "Point",
    "coordinates": [
     -122.290562,
     47.655131
    ]
   },
   "properties": {
    "id": "S103980098|Pied-billed Grebe",
    "common_name": "Pied-billed Grebe",
    "scientific_name": "Podilymbus podiceps",
    "date": "2022-02-06",
    "time": "nan",
    "location": ".",
    "count": "X",
    "checklist": "https://ebird.org/checklist/S103980098"
   }
  },
  {
   "type": "Feature",
   "geometry": {
    "type": "Point",
    "coordinates": [
     -122.421537,
     47.663752
    ]
   },
   "properties": {
    "id": "S102145726|Eurasian Wigeon",
    "common_name": "Eurasian Wigeon",
    "scientific_name": "Mareca penelope",
    "date": "2022-02-06",
    "time": "nan",
    "location": "Trail Bottom",
    "count": "X",
    "checklist": "https://ebird.org/checklist/S102145726"
   }
  },
  {
   "type": "Feature",
   "geometry": {
    "type": "Point",
    "coordinates": [
     -122.422883,
     47.667643
    ]
   },
   "properties": {
    "id": "S102145966|Common Goldeneye",
    "common_name": "Common Goldeneye",
    "scientific_name": "Bucephala clangula",
    "date": "2022-02-06",
    "time": "nan",
    "location": "Trail Bottom",
    "count": "X",
    "checklist": "https://ebird.org/checklist/S102145966"
   }
  },
  {
   "type": "Feature",
   "geometry": {
    "type": "Point",
    "coordinates": [
     -122.15833,
     47.99167
    ]
   },
   "properties": {
    "id": "S110146788|Bald Eagle",
    "common_name": "Bald Eagle",
    "scientific_name": "Haliaeetus leucocephalus",
    "date": "2022-02-12",
    "time": "02:28 PM",
    "location": "Spencer Island",
    "count": "1",
    "checklist": "https://ebird.org/checklist/S110146788"
   }
  },
  {
   "type": "Feature",
   "geometry": {
    "type": "Point",
    "coordinates": [
     -122.15833,
     47.99167
    ]
   },
   "properties": {
    "id": "S110146788|Northern Harrier",
    "common_name": "Northern Harrier",
    "scientific_name": "Circus hudsonius",
    "date": "2022-02-12",
    "time": "02:28 PM",
    "location": "Spencer Island",
    "count": "1",
    "checklist": "https://ebird.org/checklist/S110146788"
   }
  },
  {
   "type": "Feature",
   "geometry": {
    "type": "Point",
    "coordinates": [
     -122.15833,
     47.99167
    ]
   },
   "properties": {
    "id": "S110146788|Northern Pintail",
    "common_name": "Northern Pintail",
    "scientific_name": "Anas acuta",
    "date": "2022-02-12",
    "time": "02:28 PM",
    "location": "Spencer Island",
    "count": "1",
    "checklist": "https://ebird.org/checklist/S110146788"
   }
  },
  {
   "type": "Feature",
   "geometry": {
    "type": "Point",
    "coordinates": [
     -117.278551,
     32.848333
    ]
   },
   "properties": {
    "id": "S110427095|Semipalmated Plover",
    "common_name": "Semipalmated Plover",
    "scientific_name": "Charadrius semipalmatus",
    "date": "2022-02-22",
    "time": "nan",
    "location": "Childrens Beach",
    "count": "X",
    "checklist": "https://ebird.org/checklist/S110427095"
   }
  },
  {
   "type": "Feature",
   "geometry": {
    "type": "Point",
    "coordinates": [
     -117.278551,
     32.848333
    ]
   },
   "properties": {
    "id": "S110426626|Heermann's Gull",
    "common_name": "Heermann's Gull",
    "scientific_name": "Larus heermanni",
    "date": "2022-02-23",
    "time": "nan",
    "location": "Childrens Beach",
    "count": "X",
    "checklist": "https://ebird.org/checklist/S110426626"
   }
  },
  {
   "type": "Feature",
   "geometry": {
    "type": "Point",
    "coordinates": [
     -117.278551,
     32.848333
    ]
   },
   "properties": {
    "id": "S110426726|Brown Pelican",
    "common_name": "Brown Pelican",
    "scientific_name": "Pelecanus occidentalis",
    "date": "2022-02-23",
    "time": "nan",
    "location": "Childrens Beach",
    "count": "X",
    "checklist": "https://ebird.org/checklist/S110426726"
   }
  },
  {
   "type": "Feature",
   "geometry": {
    "type": "Point",
    "coordinates": [
     -117.239841,
     32.674836
    ]
   },
   "properties": {
    "id": "S103578795|California Towhee",
    "common_name": "California Towhee",
    "scientific_name": "Melozone crissalis",
    "date": "2022-02-23",
    "time": "nan",
    "location": ".",
    "count": "X",
    "checklist": "https://ebird.org/checklist/S103578795"
   }
  },
  {
   "type": "Feature",
   "geometry": {
    "type": "Point",
    "coordinates": [
     -117.196963,
     32.754783
    ]
   },
   "properties": {
    "id": "S103590502|Black Phoebe",
    "common_name": "Black Phoebe",
    "scientific_name": "Sayornis nigricans",
    "date": "2022-02-23",
    "time": "nan",
    "location": "Historical Old Town",
    "count": "X",
    "checklist": "https://ebird.org/checklist/S103590502"
   }
  },
  {
   "type": "Feature",
   "geometry": {
    "type": "Point",
    "coordinates": [
     -117.249812,
     32.916437
    ]
   },
   "properties": {
    "id": "S103980220|Peregrine Falcon",
    "common_name": "Peregrine Falcon",
    "scientific_name": "Falco peregrinus",
    "date": "2022-02-25",
    "time": "nan",
    "location": "Torrey Trail",
    "count": "X",
    "checklist": "https://ebird.org/checklist/S103980220"
   }
  },
  {
   "type": "Feature",
   "geometry": {
    "type": "Point",
    "coordinates": [
     -117.147686,
     32.733629
    ]
   },
   "properties": {
    "id": "S103709297|Hudsonian Whimbrel",
    "common_name": "Hudsonian Whimbrel",
    "scientific_name": "Numenius hudsonicus",
    "date": "2022-02-25",
    "time": "nan",
    "location": ".",
    "count": "X",
    "checklist": "https://ebird.org/checklist/S103709297"
   }
  },
  {
   "type": "Feature",
   "geometry": {
    "type": "Point",
    "coordinates": [
     -117.278551,
     32.848333
    ]
   },
   "properties": {
    "id": "S103980410|Black Oystercatcher",
    "common_name": "Black Oystercatcher",
    "scientific_name": "Haematopus bachmani",
    "date": "2022-02-26",
    "time": "05:57 PM",
    "location": "Childrens Beach",
    "count": "X",
    "checklist": "https://ebird.org/checklist/S103980410"
   }
  },
  {
   "type": "Feature",
   "geometry": {
    "type": "Point",
    "coordinates": [
     -76.426476,
     39.003272
    ]
   },
   "properties": {
    "id": "S107827384|Western Cattle-Egret",
    "common_name": "Western Cattle-Egret",
    "scientific_name": "Ardea ibis",
    "date": "2022-04-23",
    "time": "nan",
    "location": "Governors Manor",
    "count": "X",
    "checklist": "https://ebird.org/checklist/S107827384"
   }
  },
  {
   "type": "Feature",
   "geometry": {
    "type": "Point",
    "coordinates": [
     -123.1432629,
     49.3029688
    ]
   },
   "properties": {
    "id": "S110146743|American Robin",
    "common_name": "American Robin",
    "scientific_name": "Turdus migratorius",
    "date": "2022-05-14",
    "time": "02:30 PM",
    "location": "Stanley Park",
    "count": "3",
    "checklist": "https://ebird.org/checklist/S110146743"
   }
  },
  {
   "type": "Feature",
   "geometry": {
    "type": "Point",
    "coordinates": [
     -123.1432629,
     49.3029688
    ]
   },
   "properties": {
    "id": "S110146743|Pelagic Cormorant",
    "common_name": "Pelagic Cormorant",
    "scientific_name": "Urile pelagicus",
    "date": "2022-05-14",
    "time": "02:30 PM",
    "location": "Stanley Park",
    "count": "2",
    "checklist": "https://ebird.org/checklist/S110146743"
   }
  },
  {
   "type": "Feature",
   "geometry": {
    "type": "Point",
    "coordinates": [
     -123.1432629,
     49.3029688
    ]
   },
   "properties": {
    "id": "S110146743|Steller's Jay",
    "common_name": "Steller's Jay",
    "scientific_name": "Cyanocitta stelleri",
    "date": "2022-05-14",
    "time": "02:30 PM",
    "location": "Stanley Park",
    "count": "1",
    "checklist": "https://ebird.org/checklist/S110146743"
   }
  },
  {
   "type": "Feature",
   "geometry": {
    "type": "Point",
    "coordinates": [
     -123.1432629,
     49.3029688
    ]
   },
   "properties": {
    "id": "S110146743|Wilson's Warbler",
    "common_name": "Wilson's Warbler",
    "scientific_name": "Cardellina pusilla",
    "date": "2022-05-14",
    "time": "02:30 PM",
    "location": "Stanley Park",
    "count": "14",
    "checklist": "https://ebird.org/checklist/S110146743"
   }
  },
  {
   "type": "Feature",
   "geometry": {
    "type": "Point",
    "coordinates": [
     -123.1432629,
     49.3029688
    ]
   },
   "properties": {
    "id": "S110146743|Red-winged Blackbird",
    "common_name": "Red-winged Blackbird",
    "scientific_name": "Agelaius phoeniceus",
    "date": "2022-05-14",
    "time": "02:30 PM",
    "location": "Stanley Park",
    "count": "2",
    "checklist": "https://ebird.org/checklist/S110146743"
   }
  },
  {
   "type": "Feature",
   "geometry": {
    "type": "Point",
    "coordinates": [
     -123.1432629,
     49.3029688
    ]
   },
   "properties": {
    "id": "S110146743|Barn Swallow",
    "common_name": "Barn Swallow",
    "scientific_name": "Hirundo rustica",
    "date": "2022-05-14",
    "time": "02:30 PM",
    "location": "Stanley Park",
    "count": "4",
    "checklist": "https://ebird.org/checklist/S110146743"
   }
  },
  {
   "type": "Feature",
   "geometry": {
    "type": "Point",
    "coordinates": [
     -123.1432629,
     49.3029688
    ]
   },
   "properties": {
    "id": "S110146743|Mallard",
    "common_name": "Mallard",
    "scientific_name": "Anas platyrhynchos",
    "date": "2022-05-14",
    "time": "02:30 PM",
    "location": "Stanley Park",
    "count": "4",
    "checklist": "https://ebird.org/checklist/S110146743"
   }
  },
  {
   "type": "Feature",
   "geometry": {
    "type": "Point",
    "coordinates": [
     -123.1432629,
     49.3029688
    ]
   },
   "properties": {
    "id": "S110146743|Canada Goose",
    "common_name": "Canada Goose",
    "scientific_name": "Branta canadensis",
    "date": "2022-05-14",
    "time": "02:30 PM",
    "location": "Stanley Park",
    "count": "5",
    "checklist": "https://ebird.org/checklist/S110146743"
   }
  },
  {
   "type": "Feature",
   "geometry": {
    "type": "Point",
    "coordinates": [
     -123.1432629,
     49.3029688
    ]
   },
   "properties": {
    "id": "S110146743|Song Sparrow",
    "common_name": "Song Sparrow",
    "scientific_name": "Melospiza melodia",
    "date": "2022-05-14",
    "time": "02:30 PM",
    "location": "Stanley Park",
    "count": "9",
    "checklist": "https://ebird.org/checklist/S110146743"
   }
  },
  {
   "type": "Feature",
   "geometry": {
    "type": "Point",
    "coordinates": [
     -123.1432629,
     49.3029688
    ]
   },
   "properties": {
    "id": "S110146743|Bald Eagle",
    "common_name": "Bald Eagle",
    "scientific_name": "Haliaeetus leucocephalus",
    "date": "2022-05-14",
    "time": "02:30 PM",
    "location": "Stanley Park",
    "count": "1",
    "checklist": "https://ebird.org/checklist/S110146743"
   }
  },
  {
   "type": "Feature",
   "geometry": {
    "type": "Point",
    "coordinates": [
     -123.1432629,
     49.3029688
    ]
   },
   "properties": {
    "id": "S110146743|Anna's Hummingbird",
    "common_name": "Anna's Hummingbird",
    "scientific_name": "Calypte anna",
    "date": "2022-05-14",
    "time": "02:30 PM",
    "location": "Stanley Park",
    "count": "6",
    "checklist": "https://ebird.org/checklist/S110146743"
   }
  },
  {
   "type": "Feature",
   "geometry": {
    "type": "Point",
    "coordinates": [
     -123.1432629,
     49.3029688
    ]
   },
   "properties": {
    "id": "S110146743|Spotted Towhee",
    "common_name": "Spotted Towhee",
    "scientific_name": "Pipilo maculatus",
    "date": "2022-05-14",
    "time": "02:30 PM",
    "location": "Stanley Park",
    "count": "2",
    "checklist": "https://ebird.org/checklist/S110146743"
   }
  },
  {
   "type": "Feature",
   "geometry": {
    "type": "Point",
    "coordinates": [
     -123.1432629,
     49.3029688
    ]
   },
   "properties": {
    "id": "S110146743|Black-capped Chickadee",
    "common_name": "Black-capped Chickadee",
    "scientific_name": "Poecile atricapillus",
    "date": "2022-05-14",
    "time": "02:30 PM",
    "location": "Stanley Park",
    "count": "8",
    "checklist": "https://ebird.org/checklist/S110146743"
   }
  },
  {
   "type": "Feature",
   "geometry": {
    "type": "Point",
    "coordinates": [
     -123.1432629,
     49.3029688
    ]
   },
   "properties": {
    "id": "S110146743|Bufflehead",
    "common_name": "Bufflehead",
    "scientific_name": "Bucephala albeola",
    "date": "2022-05-14",
    "time": "02:30 PM",
    "location": "Stanley Park",
    "count": "2",
    "checklist": "https://ebird.org/checklist/S110146743"
   }
  },
  {
   "type": "Feature",
   "geometry": {
    "type": "Point",
    "coordinates": [
     -123.1432629,
     49.3029688
    ]
   },
   "properties": {
    "id": "S110146743|Double-crested Cormorant",
    "common_name": "Double-crested Cormorant",
    "scientific_name": "Nannopterum auritum",
    "date": "2022-05-14",
    "time": "02:30 PM",
    "location": "Stanley Park",
    "count": "6",
    "checklist": "https://ebird.org/checklist/S110146743"
   }
  },
  {
   "type": "Feature",
   "geometry": {
    "type": "Point",
    "coordinates": [
     -123.1432629,
     49.3029688
    ]
   },
   "properties": {
    "id": "S110146743|Brown Creeper",
    "common_name": "Brown Creeper",
    "scientific_name": "Certhia americana",
    "date": "2022-05-14",
    "time": "02:30 PM",
    "location": "Stanley Park",
    "count": "1",
    "checklist": "https://ebird.org/checklist/S110146743"
   }
  },
  {
   "type": "Feature",
   "geometry": {
    "type": "Point",
    "coordinates": [
     -123.1432629,
     49.3029688
    ]
   },
   "properties": {
    "id": "S110146743|Great Blue Heron",
    "common_name": "Great Blue Heron",
    "scientific_name": "Ardea herodias",
    "date": "2022-05-14",
    "time": "02:30 PM",
    "location": "Stanley Park",
    "count": "2",
    "checklist": "https://ebird.org/checklist/S110146743"
   }
  },
  {
   "type": "Feature",
   "geometry": {
    "type": "Point",
    "coordinates": [
     -123.1432629,
     49.3029688
    ]
   },
   "properties": {
    "id": "S110146743|American Crow",
    "common_name": "American Crow",
    "scientific_name": "Corvus brachyrhynchos",
    "date": "2022-05-14",
    "time": "02:30 PM",
    "location": "Stanley Park",
    "count": "15",
    "checklist": "https://ebird.org/checklist/S110146743"
   }
  },
  {
   "type": "Feature",
   "geometry": {
    "type": "Point",
    "coordinates": [
     -123.1432629,
     49.3029688
    ]
   },
   "properties": {
    "id": "S110146743|Wood Duck",
    "common_name": "Wood Duck",
    "scientific_name": "Aix sponsa",
    "date": "2022-05-14",
    "time": "02:30 PM",
    "location": "Stanley Park",
    "count": "5",
    "checklist": "https://ebird.org/checklist/S110146743"
   }
  },
  {
   "type": "Feature",
   "geometry": {
    "type": "Point",
    "coordinates": [
     -123.1432629,
     49.3029688
    ]
   },
   "properties": {
    "id": "S110146743|Cliff Swallow",
    "common_name": "Cliff Swallow",
    "scientific_name": "Petrochelidon pyrrhonota",
    "date": "2022-05-14",
    "time": "02:30 PM",
    "location": "Stanley Park",
    "count": "3",
    "checklist": "https://ebird.org/checklist/S110146743"
   }
  },
  {
   "type": "Feature",
   "geometry": {
    "type": "Point",
    "coordinates": [
     -122.3351,
     47.655628
    ]
   },
   "properties": {
    "id": "S110422722|Western Tanager",
    "common_name": "Western Tanager",
    "scientific_name": "Piranga ludoviciana",
    "date": "2022-05-16",
    "time": "04:00 PM",
    "location": "Wallingford",
    "count": "1",
    "checklist": "https://ebird.org/checklist/S110422722"
   }
  },
  {
   "type": "Feature",
   "geometry": {
    "type": "Point",
    "coordinates": [
     -122.4215317,
     47.663868
    ]
   },
   "properties": {
    "id": "S110883176|Osprey",
    "common_name": "Osprey",
    "scientific_name": "Pandion haliaetus",
    "date": "2022-05-21",
    "time": "11:36 AM",
    "location": "Discovery Park",
    "count": "1",
    "checklist": "https://ebird.org/checklist/S110883176"
   }
  },
  {
   "type": "Feature",
   "geometry": {
    "type": "Point",
    "coordinates": [
     -122.4215317,
     47.663868
    ]
   },
   "properties": {
    "id": "S110883176|Cedar Waxwing",
    "common_name": "Cedar Waxwing",
    "scientific_name": "Bombycilla cedrorum",
    "date": "2022-05-21",
    "time": "11:36 AM",
    "location": "Discovery Park",
    "count": "1",
    "checklist": "https://ebird.org/checklist/S110883176"
   }
  },
  {
   "type": "Feature",
   "geometry": {
    "type": "Point",
    "coordinates": [
     -122.4215317,
     47.663868
    ]
   },
   "properties": {
    "id": "S110883176|Northern Yellow Warbler",
    "common_name": "Northern Yellow Warbler",
    "scientific_name": "Setophaga aestiva",
    "date": "2022-05-21",
    "time": "11:36 AM",
    "location": "Discovery Park",
    "count": "1",
    "checklist": "https://ebird.org/checklist/S110883176"
   }
  },
  {
   "type": "Feature",
   "geometry": {
    "type": "Point",
    "coordinates": [
     -122.4215317,
     47.663868
    ]
   },
   "properties": {
    "id": "S110883176|Western Warbling Vireo",
    "common_name": "Western Warbling Vireo",
    "scientific_name": "Vireo swainsoni",
    "date": "2022-05-21",
    "time": "11:36 AM",
    "location": "Discovery Park",
    "count": "4",
    "checklist": "https://ebird.org/checklist/S110883176"
   }
  },
  {
   "type": "Feature",
   "geometry": {
    "type": "Point",
    "coordinates": [
     -122.4215317,
     47.663868
    ]
   },
   "properties": {
    "id": "S110883176|Bald Eagle",
    "common_name": "Bald Eagle",
    "scientific_name": "Haliaeetus leucocephalus",
    "date": "2022-05-21",
    "time": "11:36 AM",
    "location": "Discovery Park",
    "count": "3",
    "checklist": "https://ebird.org/checklist/S110883176"
   }
  },
  {
   "type": "Feature",
   "geometry": {
    "type": "Point",
    "coordinates": [
     -122.4215317,
     47.663868
    ]
   },
   "properties": {
    "id": "S110883176|Song Sparrow",
    "common_name": "Song Sparrow",
    "scientific_name": "Melospiza melodia",
    "date": "2022-05-21",
    "time": "11:36 AM",
    "location": "Discovery Park",
    "count": "2",
    "checklist": "https://ebird.org/checklist/S110883176"
   }
  },
  {
   "type": "Feature",
   "geometry": {
    "type": "Point",
    "coordinates": [
     -122.4215317,
     47.663868
    ]
   },
   "properties": {
    "id": "S110883176|Killdeer",
    "common_name": "Killdeer",
    "scientific_name": "Charadrius vociferus",
    "date": "2022-05-21",
    "time": "11:36 AM",
    "location": "Discovery Park",
    "count": "1",
    "checklist": "https://ebird.org/checklist/S110883176"
   }
  },
  {
   "type": "Feature",
   "geometry": {
    "type": "Point",
    "coordinates": [
     -122.4215317,
     47.663868
    ]
   },
   "properties": {
    "id": "S110883176|Great Blue Heron",
    "common_name": "Great Blue Heron",
    "scientific_name": "Ardea herodias",
    "date": "2022-05-21",
    "time": "11:36 AM",
    "location": "Discovery Park",
    "count": "1",
    "checklist": "https://ebird.org/checklist/S110883176"
   }
  },
  {
   "type": "Feature",
   "geometry": {
    "type": "Point",
    "coordinates": [
     -122.4215317,
     47.663868
    ]
   },
   "properties": {
    "id": "S110883176|Anna's Hummingbird",
    "common_name": "Anna's Hummingbird",
    "scientific_name": "Calypte anna",
    "date": "2022-05-21",
    "time": "11:36 AM",
    "location": "Discovery Park",
    "count": "3",
    "checklist": "https://ebird.org/checklist/S110883176"
   }
  },
  {
   "type": "Feature",
   "geometry": {
    "type": "Point",
    "coordinates": [
     -122.4215317,
     47.663868
    ]
   },
   "properties": {
    "id": "S110883176|Brown-headed Cowbird",
    "common_name": "Brown-headed Cowbird",
    "scientific_name": "Molothrus ater",
    "date": "2022-05-21",
    "time": "11:36 AM",
    "location": "Discovery Park",
    "count": "1",
    "checklist": "https://ebird.org/checklist/S110883176"
   }
  },
  {
   "type": "Feature",
   "geometry": {
    "type": "Point",
    "coordinates": [
     -122.4190941,
     47.5761017
    ]
   },
   "properties": {
    "id": "S135433952|Pigeon Guillemot",
    "common_name": "Pigeon Guillemot",
    "scientific_name": "Cepphus columba",
    "date": "2022-06-20",
    "time": "nan",
    "location": "Alki (including north and south beaches)",
    "count": "X",
    "checklist": "https://ebird.org/checklist/S135433952"
   }
  },
  {
   "type": "Feature",
   "geometry": {
    "type": "Point",
    "coordinates": [
     -123.1415,
     48.108724
    ]
   },
   "properties": {
    "id": "S113673051|Violet-green Swallow",
    "common_name": "Violet-green Swallow",
    "scientific_name": "Tachycineta thalassina",
    "date": "2022-06-24",
    "time": "nan",
    "location": "Glamping",
    "count": "X",
    "checklist": "https://ebird.org/checklist/S113673051"
   }
  },
  {
   "type": "Feature",
   "geometry": {
    "type": "Point",
    "coordinates": [
     -123.18973,
     48.141482
    ]
   },
   "properties": {
    "id": "S113683608|Marsh Wren",
    "common_name": "Marsh Wren",
    "scientific_name": "Cistothorus palustris",
    "date": "2022-06-24",
    "time": "nan",
    "location": "Bush",
    "count": "X",
    "checklist": "https://ebird.org/checklist/S113683608"
   }
  },
  {
   "type": "Feature",
   "geometry": {
    "type": "Point",
    "coordinates": [
     -123.1415,
     48.108724
    ]
   },
   "properties": {
    "id": "S113672850|Violet-green Swallow",
    "common_name": "Violet-green Swallow",
    "scientific_name": "Tachycineta thalassina",
    "date": "2022-06-24",
    "time": "nan",
    "location": "Glamping",
    "count": "X",
    "checklist": "https://ebird.org/checklist/S113672850"
   }
  },
  {
   "type": "Feature",
   "geometry": {
    "type": "Point",
    "coordinates": [
     -121.734488,
     46.802242
    ]
   },
   "properties": {
    "id": "S113972528|American Pipit",
    "common_name": "American Pipit",
    "scientific_name": "Anthus rubescens",
    "date": "2022-06-27",
    "time": "11:15 AM",
    "location": "Mount Rainier National Park, Ashford US-WA 46.80224, -121.73449",
    "count": "1",
    "checklist": "https://ebird.org/checklist/S113972528"
   }
  },
  {
   "type": "Feature",
   "geometry": {
    "type": "Point",
    "coordinates": [
     -81.560811,
     40.537974
    ]
   },
   "properties": {
    "id": "S115454227|Chimney Swift",
    "common_name": "Chimney Swift",
    "scientific_name": "Chaetura pelagica",
    "date": "2022-07-20",
    "time": "nan",
    "location": "Parents\u2019 House",
    "count": "X",
    "checklist": "https://ebird.org/checklist/S115454227"
   }
  },
  {
   "type": "Feature",
   "geometry": {
    "type": "Point",
    "coordinates": [
     -122.821059,
     48.589158
    ]
   },
   "properties": {
    "id": "S143181585|Red Crossbill",
    "common_name": "Red Crossbill",
    "scientific_name": "Loxia curvirostra",
    "date": "2022-08-19",
    "time": "nan",
    "location": "Island Cabin",
    "count": "X",
    "checklist": "https://ebird.org/checklist/S143181585"
   }
  },
  {
   "type": "Feature",
   "geometry": {
    "type": "Point",
    "coordinates": [
     -149.424892,
     60.129764
    ]
   },
   "properties": {
    "id": "S135433739|Black-legged Kittiwake",
    "common_name": "Black-legged Kittiwake",
    "scientific_name": "Rissa tridactyla",
    "date": "2022-09-04",
    "time": "nan",
    "location": "Seward",
    "count": "X",
    "checklist": "https://ebird.org/checklist/S135433739"
   }
  },
  {
   "type": "Feature",
   "geometry": {
    "type": "Point",
    "coordinates": [
     -123.18467,
     45.301616
    ]
   },
   "properties": {
    "id": "S120223869|Red-breasted Sapsucker",
    "common_name": "Red-breasted Sapsucker",
    "scientific_name": "Sphyrapicus ruber",
    "date": "2022-10-08",
    "time": "nan",
    "location": "Airbnb Yamhill",
    "count": "X",
    "checklist": "https://ebird.org/checklist/S120223869"
   }
  },
  {
   "type": "Feature",
   "geometry": {
    "type": "Point",
    "coordinates": [
     -123.178381,
     45.294961
    ]
   },
   "properties": {
    "id": "S120223298|California Scrub-Jay",
    "common_name": "California Scrub-Jay",
    "scientific_name": "Aphelocoma californica",
    "date": "2022-10-08",
    "time": "nan",
    "location": "Yamhill Field",
    "count": "X",
    "checklist": "https://ebird.org/checklist/S120223298"
   }
  },
  {
   "type": "Feature",
   "geometry": {
    "type": "Point",
    "coordinates": [
     -123.169785,
     45.326967
    ]
   },
   "properties": {
    "id": "S120223163|Merlin",
    "common_name": "Merlin",
    "scientific_name": "Falco columbarius",
    "date": "2022-10-08",
    "time": "nan",
    "location": "Yamhill Field",
    "count": "X",
    "checklist": "https://ebird.org/checklist/S120223163"
   }
  },
  {
   "type": "Feature",
   "geometry": {
    "type": "Point",
    "coordinates": [
     -121.156865,
     47.225303
    ]
   },
   "properties": {
    "id": "S129522416|Red-tailed Hawk",
    "common_name": "Red-tailed Hawk",
    "scientific_name": "Buteo jamaicensis",
    "date": "2023-02-24",
    "time": "nan",
    "location": "I90",
    "count": "X",
    "checklist": "https://ebird.org/checklist/S129522416"
   }
  },
  {
   "type": "Feature",
   "geometry": {
    "type": "Point",
    "coordinates": [
     -122.4190941,
     47.5761017
    ]
   },
   "properties": {
    "id": "S131234446|Western Grebe",
    "common_name": "Western Grebe",
    "scientific_name": "Aechmophorus occidentalis",
    "date": "2023-03-18",
    "time": "03:58 PM",
    "location": "Alki (including north and south beaches)",
    "count": "1",
    "checklist": "https://ebird.org/checklist/S131234446"
   }
  },
  {
   "type": "Feature",
   "geometry": {
    "type": "Point",
    "coordinates": [
     -122.406457,
     47.583191
    ]
   },
   "properties": {
    "id": "S131234074|Surf Scoter",
    "common_name": "Surf Scoter",
    "scientific_name": "Melanitta perspicillata",
    "date": "2023-03-18",
    "time": "nan",
    "location": "Alki Beach",
    "count": "X",
    "checklist": "https://ebird.org/checklist/S131234074"
   }
  },
  {
   "type": "Feature",
   "geometry": {
    "type": "Point",
    "coordinates": [
     -81.546089,
     40.564731
    ]
   },
   "properties": {
    "id": "S132758432|Eastern Meadowlark",
    "common_name": "Eastern Meadowlark",
    "scientific_name": "Sturnella magna",
    "date": "2023-04-05",
    "time": "nan",
    "location": "Barn",
    "count": "X",
    "checklist": "https://ebird.org/checklist/S132758432"
   }
  },
  {
   "type": "Feature",
   "geometry": {
    "type": "Point",
    "coordinates": [
     -124.13313,
     46.947248
    ]
   },
   "properties": {
    "id": "S135494522|Brant",
    "common_name": "Brant",
    "scientific_name": "Branta bernicla",
    "date": "2023-04-29",
    "time": "nan",
    "location": "Damon Point",
    "count": "X",
    "checklist": "https://ebird.org/checklist/S135494522"
   }
  },
  {
   "type": "Feature",
   "geometry": {
    "type": "Point",
    "coordinates": [
     -123.9436064,
     46.9731644
    ]
   },
   "properties": {
    "id": "S135402588|American Goldfinch",
    "common_name": "American Goldfinch",
    "scientific_name": "Spinus tristis",
    "date": "2023-04-29",
    "time": "06:04 AM",
    "location": "Grays Harbor NWR (Bowerman Basin)",
    "count": "2",
    "checklist": "https://ebird.org/checklist/S135402588"
   }
  },
  {
   "type": "Feature",
   "geometry": {
    "type": "Point",
    "coordinates": [
     -123.9436064,
     46.9731644
    ]
   },
   "properties": {
    "id": "S135402588|Song Sparrow",
    "common_name": "Song Sparrow",
    "scientific_name": "Melospiza melodia",
    "date": "2023-04-29",
    "time": "06:04 AM",
    "location": "Grays Harbor NWR (Bowerman Basin)",
    "count": "5",
    "checklist": "https://ebird.org/checklist/S135402588"
   }
  },
  {
   "type": "Feature",
   "geometry": {
    "type": "Point",
    "coordinates": [
     -123.9436064,
     46.9731644
    ]
   },
   "properties": {
    "id": "S135402588|Northern Shoveler",
    "common_name": "Northern Shoveler",
    "scientific_name": "Spatula clypeata",
    "date": "2023-04-29",
    "time": "06:04 AM",
    "location": "Grays Harbor NWR (Bowerman Basin)",
    "count": "45",
    "checklist": "https://ebird.org/checklist/S135402588"
   }
  },
  {
   "type": "Feature",
   "geometry": {
    "type": "Point",
    "coordinates": [
     -123.9436064,
     46.9731644
    ]
   },
   "properties": {
    "id": "S135402588|Cackling Goose",
    "common_name": "Cackling Goose",
    "scientific_name": "Branta hutchinsii",
    "date": "2023-04-29",
    "time": "06:04 AM",
    "location": "Grays Harbor NWR (Bowerman Basin)",
    "count": "10",
    "checklist": "https://ebird.org/checklist/S135402588"
   }
  },
  {
   "type": "Feature",
   "geometry": {
    "type": "Point",
    "coordinates": [
     -123.9436064,
     46.9731644
    ]
   },
   "properties": {
    "id": "S135402588|Great Blue Heron",
    "common_name": "Great Blue Heron",
    "scientific_name": "Ardea herodias",
    "date": "2023-04-29",
    "time": "06:04 AM",
    "location": "Grays Harbor NWR (Bowerman Basin)",
    "count": "1",
    "checklist": "https://ebird.org/checklist/S135402588"
   }
  },
  {
   "type": "Feature",
   "geometry": {
    "type": "Point",
    "coordinates": [
     -123.9436064,
     46.9731644
    ]
   },
   "properties": {
    "id": "S135402588|Mallard",
    "common_name": "Mallard",
    "scientific_name": "Anas platyrhynchos",
    "date": "2023-04-29",
    "time": "06:04 AM",
    "location": "Grays Harbor NWR (Bowerman Basin)",
    "count": "13",
    "checklist": "https://ebird.org/checklist/S135402588"
   }
  },
  {
   "type": "Feature",
   "geometry": {
    "type": "Point",
    "coordinates": [
     -123.9436064,
     46.9731644
    ]
   },
   "properties": {
    "id": "S135402588|Brown-headed Cowbird",
    "common_name": "Brown-headed Cowbird",
    "scientific_name": "Molothrus ater",
    "date": "2023-04-29",
    "time": "06:04 AM",
    "location": "Grays Harbor NWR (Bowerman Basin)",
    "count": "1",
    "checklist": "https://ebird.org/checklist/S135402588"
   }
  },
  {
   "type": "Feature",
   "geometry": {
    "type": "Point",
    "coordinates": [
     -123.9436064,
     46.9731644
    ]
   },
   "properties": {
    "id": "S135402588|Osprey",
    "common_name": "Osprey",
    "scientific_name": "Pandion haliaetus",
    "date": "2023-04-29",
    "time": "06:04 AM",
    "location": "Grays Harbor NWR (Bowerman Basin)",
    "count": "1",
    "checklist": "https://ebird.org/checklist/S135402588"
   }
  },
  {
   "type": "Feature",
   "geometry": {
    "type": "Point",
    "coordinates": [
     -123.9436064,
     46.9731644
    ]
   },
   "properties": {
    "id": "S135402588|American Robin",
    "common_name": "American Robin",
    "scientific_name": "Turdus migratorius",
    "date": "2023-04-29",
    "time": "06:04 AM",
    "location": "Grays Harbor NWR (Bowerman Basin)",
    "count": "5",
    "checklist": "https://ebird.org/checklist/S135402588"
   }
  },
  {
   "type": "Feature",
   "geometry": {
    "type": "Point",
    "coordinates": [
     -123.9436064,
     46.9731644
    ]
   },
   "properties": {
    "id": "S135402588|Dunlin",
    "common_name": "Dunlin",
    "scientific_name": "Calidris alpina",
    "date": "2023-04-29",
    "time": "06:04 AM",
    "location": "Grays Harbor NWR (Bowerman Basin)",
    "count": "3",
    "checklist": "https://ebird.org/checklist/S135402588"
   }
  },
  {
   "type": "Feature",
   "geometry": {
    "type": "Point",
    "coordinates": [
     -123.9436064,
     46.9731644
    ]
   },
   "properties": {
    "id": "S135402588|Lesser Scaup",
    "common_name": "Lesser Scaup",
    "scientific_name": "Aythya affinis",
    "date": "2023-04-29",
    "time": "06:04 AM",
    "location": "Grays Harbor NWR (Bowerman Basin)",
    "count": "2",
    "checklist": "https://ebird.org/checklist/S135402588"
   }
  },
  {
   "type": "Feature",
   "geometry": {
    "type": "Point",
    "coordinates": [
     -123.9436064,
     46.9731644
    ]
   },
   "properties": {
    "id": "S135402588|Bald Eagle",
    "common_name": "Bald Eagle",
    "scientific_name": "Haliaeetus leucocephalus",
    "date": "2023-04-29",
    "time": "06:04 AM",
    "location": "Grays Harbor NWR (Bowerman Basin)",
    "count": "3",
    "checklist": "https://ebird.org/checklist/S135402588"
   }
  },
  {
   "type": "Feature",
   "geometry": {
    "type": "Point",
    "coordinates": [
     -123.9436064,
     46.9731644
    ]
   },
   "properties": {
    "id": "S135402588|Marsh Wren",
    "common_name": "Marsh Wren",
    "scientific_name": "Cistothorus palustris",
    "date": "2023-04-29",
    "time": "06:04 AM",
    "location": "Grays Harbor NWR (Bowerman Basin)",
    "count": "2",
    "checklist": "https://ebird.org/checklist/S135402588"
   }
  },
  {
   "type": "Feature",
   "geometry": {
    "type": "Point",
    "coordinates": [
     -123.9436064,
     46.9731644
    ]
   },
   "properties": {
    "id": "S135402588|Short-billed Dowitcher",
    "common_name": "Short-billed Dowitcher",
    "scientific_name": "Limnodromus griseus",
    "date": "2023-04-29",
    "time": "06:04 AM",
    "location": "Grays Harbor NWR (Bowerman Basin)",
    "count": "1",
    "checklist": "https://ebird.org/checklist/S135402588"
   }
  },
  {
   "type": "Feature",
   "geometry": {
    "type": "Point",
    "coordinates": [
     -123.9436064,
     46.9731644
    ]
   },
   "properties": {
    "id": "S135402588|Semipalmated Plover",
    "common_name": "Semipalmated Plover",
    "scientific_name": "Charadrius semipalmatus",
    "date": "2023-04-29",
    "time": "06:04 AM",
    "location": "Grays Harbor NWR (Bowerman Basin)",
    "count": "2",
    "checklist": "https://ebird.org/checklist/S135402588"
   }
  },
  {
   "type": "Feature",
   "geometry": {
    "type": "Point",
    "coordinates": [
     -123.9436064,
     46.9731644
    ]
   },
   "properties": {
    "id": "S135402588|Sandhill Crane",
    "common_name": "Sandhill Crane",
    "scientific_name": "Antigone canadensis",
    "date": "2023-04-29",
    "time": "06:04 AM",
    "location": "Grays Harbor NWR (Bowerman Basin)",
    "count": "6",
    "checklist": "https://ebird.org/checklist/S135402588"
   }
  },
  {
   "type": "Feature",
   "geometry": {
    "type": "Point",
    "coordinates": [
     -123.9436064,
     46.9731644
    ]
   },
   "properties": {
    "id": "S135402588|Black-bellied Plover",
    "common_name": "Black-bellied Plover",
    "scientific_name": "Pluvialis squatarola",
    "date": "2023-04-29",
    "time": "06:04 AM",
    "location": "Grays Harbor NWR (Bowerman Basin)",
    "count": "23",
    "checklist": "https://ebird.org/checklist/S135402588"
   }
  },
  {
   "type": "Feature",
   "geometry": {
    "type": "Point",
    "coordinates": [
     -123.946868,
     46.974416
    ]
   },
   "properties": {
    "id": "S135586959|Red Knot",
    "common_name": "Red Knot",
    "scientific_name": "Calidris canutus",
    "date": "2023-04-30",
    "time": "nan",
    "location": "Spit",
    "count": "X",
    "checklist": "https://ebird.org/checklist/S135586959"
   }
  },
  {
   "type": "Feature",
   "geometry": {
    "type": "Point",
    "coordinates": [
     -123.946868,
     46.974416
    ]
   },
   "properties": {
    "id": "S135587089|Western Sandpiper",
    "common_name": "Western Sandpiper",
    "scientific_name": "Calidris mauri",
    "date": "2023-04-30",
    "time": "nan",
    "location": "Spit",
    "count": "X",
    "checklist": "https://ebird.org/checklist/S135587089"
   }
  },
  {
   "type": "Feature",
   "geometry": {
    "type": "Point",
    "coordinates": [
     -123.920671,
     46.97595
    ]
   },
   "properties": {
    "id": "S135591724|Greater Yellowlegs",
    "common_name": "Greater Yellowlegs",
    "scientific_name": "Tringa melanoleuca",
    "date": "2023-04-30",
    "time": "nan",
    "location": "Spit",
    "count": "X",
    "checklist": "https://ebird.org/checklist/S135591724"
   }
  },
  {
   "type": "Feature",
   "geometry": {
    "type": "Point",
    "coordinates": [
     -122.11925,
     47.656873
    ]
   },
   "properties": {
    "id": "S139381466|Bullock's Oriole",
    "common_name": "Bullock's Oriole",
    "scientific_name": "Icterus bullockii",
    "date": "2023-05-26",
    "time": "nan",
    "location": "Marymoor",
    "count": "X",
    "checklist": "https://ebird.org/checklist/S139381466"
   }
  },
  {
   "type": "Feature",
   "geometry": {
    "type": "Point",
    "coordinates": [
     -122.687943,
     48.224427
    ]
   },
   "properties": {
    "id": "S143181283|Violet-green Swallow",
    "common_name": "Violet-green Swallow",
    "scientific_name": "Tachycineta thalassina",
    "date": "2023-06-26",
    "time": "nan",
    "location": "Dock",
    "count": "X",
    "checklist": "https://ebird.org/checklist/S143181283"
   }
  },
  {
   "type": "Feature",
   "geometry": {
    "type": "Point",
    "coordinates": [
     -122.657477,
     48.397916
    ]
   },
   "properties": {
    "id": "S142775998|Black-headed Grosbeak",
    "common_name": "Black-headed Grosbeak",
    "scientific_name": "Pheucticus melanocephalus",
    "date": "2023-06-26",
    "time": "nan",
    "location": "Tree",
    "count": "X",
    "checklist": "https://ebird.org/checklist/S142775998"
   }
  },
  {
   "type": "Feature",
   "geometry": {
    "type": "Point",
    "coordinates": [
     -120.8,
     46.85
    ]
   },
   "properties": {
    "id": "S172292482|Townsend's Solitaire",
    "common_name": "Townsend's Solitaire",
    "scientific_name": "Myadestes townsendi",
    "date": "2023-07-30",
    "time": "nan",
    "location": "Wenas Area",
    "count": "1",
    "checklist": "https://ebird.org/checklist/S172292482"
   }
  },
  {
   "type": "Feature",
   "geometry": {
    "type": "Point",
    "coordinates": [
     -120.8,
     46.85
    ]
   },
   "properties": {
    "id": "S172292482|Mountain Bluebird",
    "common_name": "Mountain Bluebird",
    "scientific_name": "Sialia currucoides",
    "date": "2023-07-30",
    "time": "nan",
    "location": "Wenas Area",
    "count": "2",
    "checklist": "https://ebird.org/checklist/S172292482"
   }
  },
  {
   "type": "Feature",
   "geometry": {
    "type": "Point",
    "coordinates": [
     -120.8,
     46.85
    ]
   },
   "properties": {
    "id": "S172292482|Western Bluebird",
    "common_name": "Western Bluebird",
    "scientific_name": "Sialia mexicana",
    "date": "2023-07-30",
    "time": "nan",
    "location": "Wenas Area",
    "count": "4",
    "checklist": "https://ebird.org/checklist/S172292482"
   }
  },
  {
   "type": "Feature",
   "geometry": {
    "type": "Point",
    "coordinates": [
     -120.8,
     46.85
    ]
   },
   "properties": {
    "id": "S172292482|Western Wood-Pewee",
    "common_name": "Western Wood-Pewee",
    "scientific_name": "Contopus sordidulus",
    "date": "2023-07-30",
    "time": "nan",
    "location": "Wenas Area",
    "count": "2",
    "checklist": "https://ebird.org/checklist/S172292482"
   }
  },
  {
   "type": "Feature",
   "geometry": {
    "type": "Point",
    "coordinates": [
     -120.8,
     46.85
    ]
   },
   "properties": {
    "id": "S172292482|California Quail",
    "common_name": "California Quail",
    "scientific_name": "Callipepla californica",
    "date": "2023-07-30",
    "time": "nan",
    "location": "Wenas Area",
    "count": "1",
    "checklist": "https://ebird.org/checklist/S172292482"
   }
  },
  {
   "type": "Feature",
   "geometry": {
    "type": "Point",
    "coordinates": [
     -120.601888,
     46.767635
    ]
   },
   "properties": {
    "id": "S172273791|California Quail",
    "common_name": "California Quail",
    "scientific_name": "Callipepla californica",
    "date": "2023-07-30",
    "time": "nan",
    "location": "Wenas Campground",
    "count": "X",
    "checklist": "https://ebird.org/checklist/S172273791"
   }
  },
  {
   "type": "Feature",
   "geometry": {
    "type": "Point",
    "coordinates": [
     12.586531,
     55.691893
    ]
   },
   "properties": {
    "id": "S147753934|Hooded Crow",
    "common_name": "Hooded Crow",
    "scientific_name": "Corvus cornix",
    "date": "2023-08-21",
    "time": "nan",
    "location": "Osterport",
    "count": "X",
    "checklist": "https://ebird.org/checklist/S147753934"
   }
  },
  {
   "type": "Feature",
   "geometry": {
    "type": "Point",
    "coordinates": [
     12.581379,
     55.69614
    ]
   },
   "properties": {
    "id": "S147753977|Common Wood-Pigeon",
    "common_name": "Common Wood-Pigeon",
    "scientific_name": "Columba palumbus",
    "date": "2023-08-21",
    "time": "05:44 AM",
    "location": "Classensgade",
    "count": "X",
    "checklist": "https://ebird.org/checklist/S147753977"
   }
  },
  {
   "type": "Feature",
   "geometry": {
    "type": "Point",
    "coordinates": [
     -50.590544,
     67.031368
    ]
   },
   "properties": {
    "id": "S147944119|Northern Wheatear",
    "common_name": "Northern Wheatear",
    "scientific_name": "Oenanthe oenanthe",
    "date": "2023-08-23",
    "time": "nan",
    "location": "Near Plane Crash",
    "count": "X",
    "checklist": "https://ebird.org/checklist/S147944119"
   }
  },
  {
   "type": "Feature",
   "geometry": {
    "type": "Point",
    "coordinates": [
     -51.724311,
     64.192321
    ]
   },
   "properties": {
    "id": "S147952843|Lapland Longspur",
    "common_name": "Lapland Longspur",
    "scientific_name": "Calcarius lapponicus",
    "date": "2023-08-23",
    "time": "nan",
    "location": "Hostel",
    "count": "X",
    "checklist": "https://ebird.org/checklist/S147952843"
   }
  },
  {
   "type": "Feature",
   "geometry": {
    "type": "Point",
    "coordinates": [
     -51.724311,
     64.192321
    ]
   },
   "properties": {
    "id": "S147943611|Great Black-backed Gull",
    "common_name": "Great Black-backed Gull",
    "scientific_name": "Larus marinus",
    "date": "2023-08-23",
    "time": "nan",
    "location": "Hostel",
    "count": "X",
    "checklist": "https://ebird.org/checklist/S147943611"
   }
  },
  {
   "type": "Feature",
   "geometry": {
    "type": "Point",
    "coordinates": [
     12.600483,
     55.691543
    ]
   },
   "properties": {
    "id": "S149044150|Bank Swallow",
    "common_name": "Bank Swallow",
    "scientific_name": "Riparia riparia",
    "date": "2023-09-05",
    "time": "nan",
    "location": "Ferry Terminal",
    "count": "X",
    "checklist": "https://ebird.org/checklist/S149044150"
   }
  },
  {
   "type": "Feature",
   "geometry": {
    "type": "Point",
    "coordinates": [
     12.574066,
     55.686939
    ]
   },
   "properties": {
    "id": "S149045360|Eurasian Blue Tit",
    "common_name": "Eurasian Blue Tit",
    "scientific_name": "Cyanistes caeruleus",
    "date": "2023-09-05",
    "time": "01:21 PM",
    "location": "Botanical Gardens",
    "count": "X",
    "checklist": "https://ebird.org/checklist/S149045360"
   }
  },
  {
   "type": "Feature",
   "geometry": {
    "type": "Point",
    "coordinates": [
     12.574066,
     55.686939
    ]
   },
   "properties": {
    "id": "S149044767|Eurasian Moorhen",
    "common_name": "Eurasian Moorhen",
    "scientific_name": "Gallinula chloropus",
    "date": "2023-09-05",
    "time": "nan",
    "location": "Botanical Gardens",
    "count": "X",
    "checklist": "https://ebird.org/checklist/S149044767"
   }
  },
  {
   "type": "Feature",
   "geometry": {
    "type": "Point",
    "coordinates": [
     12.574066,
     55.686939
    ]
   },
   "properties": {
    "id": "S149045034|Common Pochard",
    "common_name": "Common Pochard",
    "scientific_name": "Aythya ferina",
    "date": "2023-09-05",
    "time": "nan",
    "location": "Botanical Gardens",
    "count": "X",
    "checklist": "https://ebird.org/checklist/S149045034"
   }
  },
  {
   "type": "Feature",
   "geometry": {
    "type": "Point",
    "coordinates": [
     12.574066,
     55.686939
    ]
   },
   "properties": {
    "id": "S149044228|Eurasian Kestrel",
    "common_name": "Eurasian Kestrel",
    "scientific_name": "Falco tinnunculus",
    "date": "2023-09-05",
    "time": "nan",
    "location": "Botanical Gardens",
    "count": "X",
    "checklist": "https://ebird.org/checklist/S149044228"
   }
  },
  {
   "type": "Feature",
   "geometry": {
    "type": "Point",
    "coordinates": [
     12.574212,
     55.685888
    ]
   },
   "properties": {
    "id": "S149043661|Eurasian Magpie",
    "common_name": "Eurasian Magpie",
    "scientific_name": "Pica pica",
    "date": "2023-09-05",
    "time": "nan",
    "location": "Botanical Gardens",
    "count": "X",
    "checklist": "https://ebird.org/checklist/S149043661"
   }
  },
  {
   "type": "Feature",
   "geometry": {
    "type": "Point",
    "coordinates": [
     12.574041,
     55.686449
    ]
   },
   "properties": {
    "id": "S149045407|Eurasian Blackbird",
    "common_name": "Eurasian Blackbird",
    "scientific_name": "Turdus merula",
    "date": "2023-09-05",
    "time": "01:23 PM",
    "location": "Botanical Gardens",
    "count": "X",
    "checklist": "https://ebird.org/checklist/S149045407"
   }
  },
  {
   "type": "Feature",
   "geometry": {
    "type": "Point",
    "coordinates": [
     -117.257729,
     32.855622
    ]
   },
   "properties": {
    "id": "S151264234|Cassin's Kingbird",
    "common_name": "Cassin's Kingbird",
    "scientific_name": "Tyrannus vociferans",
    "date": "2023-10-02",
    "time": "07:42 AM",
    "location": "Camino Way",
    "count": "X",
    "checklist": "https://ebird.org/checklist/S151264234"
   }
  },
  {
   "type": "Feature",
   "geometry": {
    "type": "Point",
    "coordinates": [
     -117.256713,
     32.857213
    ]
   },
   "properties": {
    "id": "S151406887|Allen's Hummingbird",
    "common_name": "Allen's Hummingbird",
    "scientific_name": "Selasphorus sasin",
    "date": "2023-10-04",
    "time": "nan",
    "location": "Camino",
    "count": "X",
    "checklist": "https://ebird.org/checklist/S151406887"
   }
  },
  {
   "type": "Feature",
   "geometry": {
    "type": "Point",
    "coordinates": [
     -122.362063,
     47.52761
    ]
   },
   "properties": {
    "id": "S155862198|Townsend's Warbler",
    "common_name": "Townsend's Warbler",
    "scientific_name": "Setophaga townsendi",
    "date": "2023-12-06",
    "time": "nan",
    "location": "Home Balcony",
    "count": "X",
    "checklist": "https://ebird.org/checklist/S155862198"
   }
  },
  {
   "type": "Feature",
   "geometry": {
    "type": "Point",
    "coordinates": [
     -122.205546,
     47.612646
    ]
   },
   "properties": {
    "id": "S158387510|American Wigeon",
    "common_name": "American Wigeon",
    "scientific_name": "Mareca americana",
    "date": "2024-01-07",
    "time": "nan",
    "location": "Circle Park",
    "count": "X",
    "checklist": "https://ebird.org/checklist/S158387510"
   }
  },
  {
   "type": "Feature",
   "geometry": {
    "type": "Point",
    "coordinates": [
     -122.362063,
     47.52761
    ]
   },
   "properties": {
    "id": "S158791934|Sharp-shinned Hawk",
    "common_name": "Sharp-shinned Hawk",
    "scientific_name": "Accipiter striatus",
    "date": "2024-01-13",
    "time": "nan",
    "location": "Home Balcony",
    "count": "X",
    "checklist": "https://ebird.org/checklist/S158791934"
   }
  },
  {
   "type": "Feature",
   "geometry": {
    "type": "Point",
    "coordinates": [
     -122.399132,
     47.529348
    ]
   },
   "properties": {
    "id": "S160562855|Harlequin Duck",
    "common_name": "Harlequin Duck",
    "scientific_name": "Histrionicus histrionicus",
    "date": "2024-02-03",
    "time": "nan",
    "location": "Lincoln Park",
    "count": "X",
    "checklist": "https://ebird.org/checklist/S160562855"
   }
  },
  {
   "type": "Feature",
   "geometry": {
    "type": "Point",
    "coordinates": [
     -78.693377,
     33.810072
    ]
   },
   "properties": {
    "id": "S185909444|Laughing Gull",
    "common_name": "Laughing Gull",
    "scientific_name": "Leucophaeus atricilla",
    "date": "2024-07-07",
    "time": "nan",
    "location": "Beach Day",
    "count": "X",
    "checklist": "https://ebird.org/checklist/S185909444"
   }
  },
  {
   "type": "Feature",
   "geometry": {
    "type": "Point",
    "coordinates": [
     -78.620255,
     33.840654
    ]
   },
   "properties": {
    "id": "S186354801|Painted Bunting",
    "common_name": "Painted Bunting",
    "scientific_name": "Passerina ciris",
    "date": "2024-07-10",
    "time": "nan",
    "location": "Cherry Grove",
    "count": "X",
    "checklist": "https://ebird.org/checklist/S186354801"
   }
  },
  {
   "type": "Feature",
   "geometry": {
    "type": "Point",
    "coordinates": [
     -78.61979,
     33.839965
    ]
   },
   "properties": {
    "id": "S186357026|Glossy Ibis",
    "common_name": "Glossy Ibis",
    "scientific_name": "Plegadis falcinellus",
    "date": "2024-07-10",
    "time": "nan",
    "location": "Cherry Grove",
    "count": "X",
    "checklist": "https://ebird.org/checklist/S186357026"
   }
  },
  {
   "type": "Feature",
   "geometry": {
    "type": "Point",
    "coordinates": [
     -78.617246,
     33.842019
    ]
   },
   "properties": {
    "id": "S186355174|Boat-tailed Grackle",
    "common_name": "Boat-tailed Grackle",
    "scientific_name": "Quiscalus major",
    "date": "2024-07-10",
    "time": "nan",
    "location": "Cherry grove",
    "count": "X",
    "checklist": "https://ebird.org/checklist/S186355174"
   }
  },
  {
   "type": "Feature",
   "geometry": {
    "type": "Point",
    "coordinates": [
     -79.844283,
     32.806881
    ]
   },
   "properties": {
    "id": "S186768277|Anhinga",
    "common_name": "Anhinga",
    "scientific_name": "Anhinga anhinga",
    "date": "2024-07-12",
    "time": "nan",
    "location": "Pond Near Masts\u2019",
    "count": "X",
    "checklist": "https://ebird.org/checklist/S186768277"
   }
  },
  {
   "type": "Feature",
   "geometry": {
    "type": "Point",
    "coordinates": [
     -79.82757,
     32.801535
    ]
   },
   "properties": {
    "id": "S186660783|Black Skimmer",
    "common_name": "Black Skimmer",
    "scientific_name": "Rynchops niger",
    "date": "2024-07-12",
    "time": "nan",
    "location": "Aaron",
    "count": "X",
    "checklist": "https://ebird.org/checklist/S186660783"
   }
  },
  {
   "type": "Feature",
   "geometry": {
    "type": "Point",
    "coordinates": [
     -79.82757,
     32.801535
    ]
   },
   "properties": {
    "id": "S186661112|Tricolored Heron",
    "common_name": "Tricolored Heron",
    "scientific_name": "Egretta tricolor",
    "date": "2024-07-12",
    "time": "nan",
    "location": "Aaron",
    "count": "X",
    "checklist": "https://ebird.org/checklist/S186661112"
   }
  },
  {
   "type": "Feature",
   "geometry": {
    "type": "Point",
    "coordinates": [
     -79.706309,
     32.918819
    ]
   },
   "properties": {
    "id": "S186800274|White Ibis",
    "common_name": "White Ibis",
    "scientific_name": "Eudocimus albus",
    "date": "2024-07-13",
    "time": "nan",
    "location": "Birds Of prey",
    "count": "X",
    "checklist": "https://ebird.org/checklist/S186800274"
   }
  },
  {
   "type": "Feature",
   "geometry": {
    "type": "Point",
    "coordinates": [
     -79.706309,
     32.918819
    ]
   },
   "properties": {
    "id": "S186800695|Black Vulture",
    "common_name": "Black Vulture",
    "scientific_name": "Coragyps atratus",
    "date": "2024-07-13",
    "time": "nan",
    "location": "Birds Of prey",
    "count": "X",
    "checklist": "https://ebird.org/checklist/S186800695"
   }
  },
  {
   "type": "Feature",
   "geometry": {
    "type": "Point",
    "coordinates": [
     -79.82757,
     32.801535
    ]
   },
   "properties": {
    "id": "S186814316|American Oystercatcher",
    "common_name": "American Oystercatcher",
    "scientific_name": "Haematopus palliatus",
    "date": "2024-07-13",
    "time": "01:43 PM",
    "location": "Aaron",
    "count": "X",
    "checklist": "https://ebird.org/checklist/S186814316"
   }
  },
  {
   "type": "Feature",
   "geometry": {
    "type": "Point",
    "coordinates": [
     -79.706309,
     32.918819
    ]
   },
   "properties": {
    "id": "S186800381|Mississippi Kite",
    "common_name": "Mississippi Kite",
    "scientific_name": "Ictinia mississippiensis",
    "date": "2024-07-13",
    "time": "nan",
    "location": "Birds Of prey",
    "count": "X",
    "checklist": "https://ebird.org/checklist/S186800381"
   }
  },
  {
   "type": "Feature",
   "geometry": {
    "type": "Point",
    "coordinates": [
     -79.706309,
     32.918819
    ]
   },
   "properties": {
    "id": "S186775761|Blue-gray Gnatcatcher",
    "common_name": "Blue-gray Gnatcatcher",
    "scientific_name": "Polioptila caerulea",
    "date": "2024-07-13",
    "time": "10:24 AM",
    "location": "Birds Of prey",
    "count": "X",
    "checklist": "https://ebird.org/checklist/S186775761"
   }
  },
  {
   "type": "Feature",
   "geometry": {
    "type": "Point",
    "coordinates": [
     -122.019195,
     48.326591
    ]
   },
   "properties": {
    "id": "S193778480|Rufous Hummingbird",
    "common_name": "Rufous Hummingbird",
    "scientific_name": "Selasphorus rufus",
    "date": "2024-09-02",
    "time": "04:09 PM",
    "location": "Jane\u2019s cabin",
    "count": "X",
    "checklist": "https://ebird.org/checklist/S193778480"
   }
  },
  {
   "type": "Feature",
   "geometry": {
    "type": "Point",
    "coordinates": [
     -21.938335,
     64.140629
    ]
   },
   "properties": {
    "id": "S196115125|Graylag Goose",
    "common_name": "Graylag Goose",
    "scientific_name": "Anser anser",
    "date": "2024-09-22",
    "time": "nan",
    "location": "Near Bus Stop",
    "count": "X",
    "checklist": "https://ebird.org/checklist/S196115125"
   }
  },
  {
   "type": "Feature",
   "geometry": {
    "type": "Point",
    "coordinates": [
     -21.940404,
     64.143905
    ]
   },
   "properties": {
    "id": "S196330380|Whooper Swan",
    "common_name": "Whooper Swan",
    "scientific_name": "Cygnus cygnus",
    "date": "2024-09-24",
    "time": "nan",
    "location": "Pond",
    "count": "X",
    "checklist": "https://ebird.org/checklist/S196330380"
   }
  },
  {
   "type": "Feature",
   "geometry": {
    "type": "Point",
    "coordinates": [
     -21.939648,
     64.145618
    ]
   },
   "properties": {
    "id": "S196612811|Black-headed Gull",
    "common_name": "Black-headed Gull",
    "scientific_name": "Chroicocephalus ridibundus",
    "date": "2024-09-27",
    "time": "nan",
    "location": "The Pond",
    "count": "X",
    "checklist": "https://ebird.org/checklist/S196612811"
   }
  },
  {
   "type": "Feature",
   "geometry": {
    "type": "Point",
    "coordinates": [
     -21.939648,
     64.145618
    ]
   },
   "properties": {
    "id": "S196718491|Eurasian Wigeon",
    "common_name": "Eurasian Wigeon",
    "scientific_name": "Mareca penelope",
    "date": "2024-09-28",
    "time": "12:07 PM",
    "location": "The Pond",
    "count": "X",
    "checklist": "https://ebird.org/checklist/S196718491"
   }
  },
  {
   "type": "Feature",
   "geometry": {
    "type": "Point",
    "coordinates": [
     -21.939648,
     64.145618
    ]
   },
   "properties": {
    "id": "S196731544|Iceland Gull",
    "common_name": "Iceland Gull",
    "scientific_name": "Larus glaucoides",
    "date": "2024-09-28",
    "time": "01:23 PM",
    "location": "The Pond",
    "count": "X",
    "checklist": "https://ebird.org/checklist/S196731544"
   }
  },
  {
   "type": "Feature",
   "geometry": {
    "type": "Point",
    "coordinates": [
     -21.939648,
     64.145618
    ]
   },
   "properties": {
    "id": "S196713551|Greater Scaup",
    "common_name": "Greater Scaup",
    "scientific_name": "Aythya marila",
    "date": "2024-09-28",
    "time": "nan",
    "location": "The Pond",
    "count": "X",
    "checklist": "https://ebird.org/checklist/S196713551"
   }
  },
  {
   "type": "Feature",
   "geometry": {
    "type": "Point",
    "coordinates": [
     -21.940404,
     64.143905
    ]
   },
   "properties": {
    "id": "S196730974|Greater Scaup",
    "common_name": "Greater Scaup",
    "scientific_name": "Aythya marila",
    "date": "2024-09-28",
    "time": "nan",
    "location": "Pond",
    "count": "X",
    "checklist": "https://ebird.org/checklist/S196730974"
   }
  },
  {
   "type": "Feature",
   "geometry": {
    "type": "Point",
    "coordinates": [
     -21.939648,
     64.145618
    ]
   },
   "properties": {
    "id": "S196713581|Tufted Duck",
    "common_name": "Tufted Duck",
    "scientific_name": "Aythya fuligula",
    "date": "2024-09-28",
    "time": "nan",
    "location": "The Pond",
    "count": "X",
    "checklist": "https://ebird.org/checklist/S196713581"
   }
  },
  {
   "type": "Feature",
   "geometry": {
    "type": "Point",
    "coordinates": [
     -121.705334,
     47.452333
    ]
   },
   "properties": {
    "id": "S209798156|American Dipper",
    "common_name": "American Dipper",
    "scientific_name": "Cinclus mexicanus",
    "date": "2025-01-18",
    "time": "nan",
    "location": "Snoqualmie Falls",
    "count": "X",
    "checklist": "https://ebird.org/checklist/S209798156"
   }
  },
  {
   "type": "Feature",
   "geometry": {
    "type": "Point",
    "coordinates": [
     -122.717403,
     48.196519
    ]
   },
   "properties": {
    "id": "S254057872|Willow Flycatcher",
    "common_name": "Willow Flycatcher",
    "scientific_name": "Empidonax traillii",
    "date": "2025-06-25",
    "time": "12:05 PM",
    "location": "Bluff",
    "count": "X",
    "checklist": "https://ebird.org/checklist/S254057872"
   }
  },
  {
   "type": "Feature",
   "geometry": {
    "type": "Point",
    "coordinates": [
     -122.714527,
     48.197645
    ]
   },
   "properties": {
    "id": "S254056358|Bald Eagle",
    "common_name": "Bald Eagle",
    "scientific_name": "Haliaeetus leucocephalus",
    "date": "2025-06-25",
    "time": "nan",
    "location": "Ebey Bluff Trail",
    "count": "X",
    "checklist": "https://ebird.org/checklist/S254056358"
   }
  },
  {
   "type": "Feature",
   "geometry": {
    "type": "Point",
    "coordinates": [
     -122.714527,
     48.197645
    ]
   },
   "properties": {
    "id": "S254055529|Northern Harrier",
    "common_name": "Northern Harrier",
    "scientific_name": "Circus hudsonius",
    "date": "2025-06-25",
    "time": "nan",
    "location": "Ebey Bluff Trail",
    "count": "X",
    "checklist": "https://ebird.org/checklist/S254055529"
   }
  },
  {
   "type": "Feature",
   "geometry": {
    "type": "Point",
    "coordinates": [
     -0.133965,
     51.502155
    ]
   },
   "properties": {
    "id": "S261293963|Mute Swan",
    "common_name": "Mute Swan",
    "scientific_name": "Cygnus olor",
    "date": "2025-07-18",
    "time": "nan",
    "location": "St James Park",
    "count": "X",
    "checklist": "https://ebird.org/checklist/S261293963"
   }
  },
  {
   "type": "Feature",
   "geometry": {
    "type": "Point",
    "coordinates": [
     12.5584,
     55.6822
    ]
   },
   "properties": {
    "id": "S2000|Mute Swan",
    "common_name": "Mute Swan",
    "scientific_name": "Cygnus olor",
    "date": "2026-04-01",
    "time": "nan",
    "location": "Søpavillonen",
    "count": "3",
    "checklist": ""
   }
  },
  {
   "type": "Feature",
   "geometry": {
    "type": "Point",
    "coordinates": [
     -0.082498,
     51.509979
    ]
   },
   "properties": {
    "id": "S260782802|Eurasian Nuthatch",
    "common_name": "Eurasian Nuthatch",
    "scientific_name": "Sitta europaea",
    "date": "2025-07-18",
    "time": "nan",
    "location": "Church",
    "count": "X",
    "checklist": "https://ebird.org/checklist/S260782802"
   }
  },
  {
   "type": "Feature",
   "geometry": {
    "type": "Point",
    "coordinates": [
     -0.082498,
     51.509979
    ]
   },
   "properties": {
    "id": "S260779590|Coal Tit",
    "common_name": "Coal Tit",
    "scientific_name": "Periparus ater",
    "date": "2025-07-18",
    "time": "nan",
    "location": "Church",
    "count": "X",
    "checklist": "https://ebird.org/checklist/S260779590"
   }
  },
  {
   "type": "Feature",
   "geometry": {
    "type": "Point",
    "coordinates": [
     -0.135406,
     51.502162
    ]
   },
   "properties": {
    "id": "S261294951|Egyptian Goose",
    "common_name": "Egyptian Goose",
    "scientific_name": "Alopochen aegyptiaca",
    "date": "2025-07-18",
    "time": "nan",
    "location": "St James\u2019 Park",
    "count": "X",
    "checklist": "https://ebird.org/checklist/S261294951"
   }
  },
  {
   "type": "Feature",
   "geometry": {
    "type": "Point",
    "coordinates": [
     -0.146299,
     51.503104
    ]
   },
   "properties": {
    "id": "S261294572|Rose-ringed Parakeet",
    "common_name": "Rose-ringed Parakeet",
    "scientific_name": "Psittacula krameri",
    "date": "2025-07-20",
    "time": "nan",
    "location": "Green Park",
    "count": "X",
    "checklist": "https://ebird.org/checklist/S261294572"
   }
  },
  {
   "type": "Feature",
   "geometry": {
    "type": "Point",
    "coordinates": [
     -0.137058,
     51.502076
    ]
   },
   "properties": {
    "id": "S261294447|Eurasian Coot",
    "common_name": "Eurasian Coot",
    "scientific_name": "Fulica atra",
    "date": "2025-07-20",
    "time": "nan",
    "location": "St James\u2019 Park",
    "count": "X",
    "checklist": "https://ebird.org/checklist/S261294447"
   }
  },
  {
   "type": "Feature",
   "geometry": {
    "type": "Point",
    "coordinates": [
     -0.142887,
     51.504668
    ]
   },
   "properties": {
    "id": "S261294324|Carrion Crow",
    "common_name": "Carrion Crow",
    "scientific_name": "Corvus corone",
    "date": "2025-07-20",
    "time": "nan",
    "location": "Green Park",
    "count": "X",
    "checklist": "https://ebird.org/checklist/S261294324"
   }
  },
  {
   "type": "Feature",
   "geometry": {
    "type": "Point",
    "coordinates": [
     -1.569765,
     54.774804
    ]
   },
   "properties": {
    "id": "S261388725|Eurasian Jackdaw",
    "common_name": "Eurasian Jackdaw",
    "scientific_name": "Coloeus monedula",
    "date": "2025-07-20",
    "time": "nan",
    "location": "Hotel indigo",
    "count": "X",
    "checklist": "https://ebird.org/checklist/S261388725"
   }
  },
  {
   "type": "Feature",
   "geometry": {
    "type": "Point",
    "coordinates": [
     -1.575872,
     54.767323
    ]
   },
   "properties": {
    "id": "S262292743|Western House-Martin",
    "common_name": "Western House-Martin",
    "scientific_name": "Delichon urbicum",
    "date": "2025-07-22",
    "time": "nan",
    "location": "Riverfront",
    "count": "X",
    "checklist": "https://ebird.org/checklist/S262292743"
   }
  },
  {
   "type": "Feature",
   "geometry": {
    "type": "Point",
    "coordinates": [
     -1.575872,
     54.767323
    ]
   },
   "properties": {
    "id": "S262292400|Gray Heron",
    "common_name": "Gray Heron",
    "scientific_name": "Ardea cinerea",
    "date": "2025-07-22",
    "time": "nan",
    "location": "Riverfront",
    "count": "X",
    "checklist": "https://ebird.org/checklist/S262292400"
   }
  },
  {
   "type": "Feature",
   "geometry": {
    "type": "Point",
    "coordinates": [
     -1.584531,
     54.811184
    ]
   },
   "properties": {
    "id": "S262292892|Rook",
    "common_name": "Rook",
    "scientific_name": "Corvus frugilegus",
    "date": "2025-07-23",
    "time": "nan",
    "location": "Field",
    "count": "X",
    "checklist": "https://ebird.org/checklist/S262292892"
   }
  },
  {
   "type": "Feature",
   "geometry": {
    "type": "Point",
    "coordinates": [
     -2.599919,
     54.991016
    ]
   },
   "properties": {
    "id": "S262293795|White Wagtail",
    "common_name": "White Wagtail",
    "scientific_name": "Motacilla alba",
    "date": "2025-07-23",
    "time": "nan",
    "location": "Hadrian\u2019s Wall Visitor Center",
    "count": "X",
    "checklist": "https://ebird.org/checklist/S262293795"
   }
  },
  {
   "type": "Feature",
   "geometry": {
    "type": "Point",
    "coordinates": [
     -2.144879,
     54.588857
    ]
   },
   "properties": {
    "id": "S262293153|Eurasian Curlew",
    "common_name": "Eurasian Curlew",
    "scientific_name": "Numenius arquata",
    "date": "2025-07-23",
    "time": "nan",
    "location": "Third Stop",
    "count": "X",
    "checklist": "https://ebird.org/checklist/S262293153"
   }
  },
  {
   "type": "Feature",
   "geometry": {
    "type": "Point",
    "coordinates": [
     -2.144879,
     54.588857
    ]
   },
   "properties": {
    "id": "S262293452|Northern Lapwing",
    "common_name": "Northern Lapwing",
    "scientific_name": "Vanellus vanellus",
    "date": "2025-07-23",
    "time": "nan",
    "location": "Third Stop",
    "count": "X",
    "checklist": "https://ebird.org/checklist/S262293452"
   }
  },
  {
   "type": "Feature",
   "geometry": {
    "type": "Point",
    "coordinates": [
     -1.584531,
     54.811184
    ]
   },
   "properties": {
    "id": "S262293007|Common Buzzard",
    "common_name": "Common Buzzard",
    "scientific_name": "Buteo buteo",
    "date": "2025-07-23",
    "time": "nan",
    "location": "Field",
    "count": "X",
    "checklist": "https://ebird.org/checklist/S262293007"
   }
  },
  {
   "type": "Feature",
   "geometry": {
    "type": "Point",
    "coordinates": [
     -2.599919,
     54.991016
    ]
   },
   "properties": {
    "id": "S262293740|Common Chaffinch",
    "common_name": "Common Chaffinch",
    "scientific_name": "Fringilla coelebs",
    "date": "2025-07-23",
    "time": "nan",
    "location": "Hadrian\u2019s Wall Visitor Center",
    "count": "X",
    "checklist": "https://ebird.org/checklist/S262293740"
   }
  },
  {
   "type": "Feature",
   "geometry": {
    "type": "Point",
    "coordinates": [
     -50.921448,
     69.357722
    ]
   },
   "properties": {
    "id": "S269880623|Black Guillemot",
    "common_name": "Black Guillemot",
    "scientific_name": "Cepphus grylle",
    "date": "2025-08-27",
    "time": "06:09 PM",
    "location": "Near Kitiwake Colony",
    "count": "X",
    "checklist": "https://ebird.org/checklist/S269880623"
   }
  },
  {
   "type": "Feature",
   "geometry": {
    "type": "Point",
    "coordinates": [
     -51.1206,
     69.21574
    ]
   },
   "properties": {
    "id": "S270217568|Snow Bunting",
    "common_name": "Snow Bunting",
    "scientific_name": "Plectrophenax nivalis",
    "date": "2025-08-29",
    "time": "05:06 PM",
    "location": "Green Guesthouse",
    "count": "X",
    "checklist": "https://ebird.org/checklist/S270217568"
   }
  },
  {
   "type": "Feature",
   "geometry": {
    "type": "Point",
    "coordinates": [
     -53.51737,
     69.253269
    ]
   },
   "properties": {
    "id": "S270970138|Redpoll",
    "common_name": "Redpoll",
    "scientific_name": "Acanthis flammea",
    "date": "2025-09-01",
    "time": "nan",
    "location": "Orange Hike",
    "count": "X",
    "checklist": "https://ebird.org/checklist/S270970138"
   }
  },
  {
   "type": "Feature",
   "geometry": {
    "type": "Point",
    "coordinates": [
     -53.51737,
     69.253269
    ]
   },
   "properties": {
    "id": "S270968152|Black Guillemot",
    "common_name": "Black Guillemot",
    "scientific_name": "Cepphus grylle",
    "date": "2025-09-01",
    "time": "07:49 PM",
    "location": "Orange Hike",
    "count": "X",
    "checklist": "https://ebird.org/checklist/S270968152"
   }
  },
  {
   "type": "Feature",
   "geometry": {
    "type": "Point",
    "coordinates": [
     -53.533096,
     69.24494
    ]
   },
   "properties": {
    "id": "S271087276|Red-breasted Merganser",
    "common_name": "Red-breasted Merganser",
    "scientific_name": "Mergus serrator",
    "date": "2025-09-02",
    "time": "12:41 PM",
    "location": "Arctic Station",
    "count": "X",
    "checklist": "https://ebird.org/checklist/S271087276"
   }
  },
  {
   "type": "Feature",
   "geometry": {
    "type": "Point",
    "coordinates": [
     -53.517751,
     69.249845
    ]
   },
   "properties": {
    "id": "S271274302|Long-tailed Duck",
    "common_name": "Long-tailed Duck",
    "scientific_name": "Clangula hyemalis",
    "date": "2025-09-03",
    "time": "02:02 PM",
    "location": "Ice Beach",
    "count": "X",
    "checklist": "https://ebird.org/checklist/S271274302"
   }
  },
  {
   "type": "Feature",
   "geometry": {
    "type": "Point",
    "coordinates": [
     -53.51737,
     69.253269
    ]
   },
   "properties": {
    "id": "S271236207|Northern Fulmar",
    "common_name": "Northern Fulmar",
    "scientific_name": "Fulmarus glacialis",
    "date": "2025-09-03",
    "time": "11:02 AM",
    "location": "Orange Hike",
    "count": "X",
    "checklist": "https://ebird.org/checklist/S271236207"
   }
  },
  {
   "type": "Feature",
   "geometry": {
    "type": "Point",
    "coordinates": [
     -53.52619,
     69.249918
    ]
   },
   "properties": {
    "id": "S271270157|Manx Shearwater",
    "common_name": "Manx Shearwater",
    "scientific_name": "Puffinus puffinus",
    "date": "2025-09-03",
    "time": "02:00 PM",
    "location": "Harbor",
    "count": "X",
    "checklist": "https://ebird.org/checklist/S271270157"
   }
  },
  {
   "type": "Feature",
   "geometry": {
    "type": "Point",
    "coordinates": [
     -53.51737,
     69.253269
    ]
   },
   "properties": {
    "id": "S271257336|Lesser Black-backed Gull",
    "common_name": "Lesser Black-backed Gull",
    "scientific_name": "Larus fuscus",
    "date": "2025-09-03",
    "time": "12:51 PM",
    "location": "Orange Hike",
    "count": "X",
    "checklist": "https://ebird.org/checklist/S271257336"
   }
  },
  {
   "type": "Feature",
   "geometry": {
    "type": "Point",
    "coordinates": [
     -122.400019,
     47.528918
    ]
   },
   "properties": {
    "id": "S296262798|Horned Grebe",
    "common_name": "Horned Grebe",
    "scientific_name": "Podiceps auritus",
    "date": "2026-01-25",
    "time": "nan",
    "location": "Lincoln park",
    "count": "X",
    "checklist": "https://ebird.org/checklist/S296262798"
   }
  },
  {
   "type": "Feature",
   "geometry": {
    "type": "Point",
    "coordinates": [
     -122.399132,
     47.529348
    ]
   },
   "properties": {
    "id": "S296263052|Bufflehead",
    "common_name": "Bufflehead",
    "scientific_name": "Bucephala albeola",
    "date": "2026-01-25",
    "time": "nan",
    "location": "Lincoln Park",
    "count": "X",
    "checklist": "https://ebird.org/checklist/S296263052"
   }
  },
  {
   "type": "Feature",
   "geometry": {
    "type": "Point",
    "coordinates": [
     -122.400019,
     47.528918
    ]
   },
   "properties": {
    "id": "S296262851|Red-breasted Merganser",
    "common_name": "Red-breasted Merganser",
    "scientific_name": "Mergus serrator",
    "date": "2026-01-25",
    "time": "nan",
    "location": "Lincoln park",
    "count": "X",
    "checklist": "https://ebird.org/checklist/S296262851"
   }
  },
  {
   "type": "Feature",
   "geometry": {
    "type": "Point",
    "coordinates": [
     -122.399132,
     47.529348
    ]
   },
   "properties": {
    "id": "S296263285|Common Goldeneye",
    "common_name": "Common Goldeneye",
    "scientific_name": "Bucephala clangula",
    "date": "2026-01-25",
    "time": "nan",
    "location": "Lincoln Park",
    "count": "X",
    "checklist": "https://ebird.org/checklist/S296263285"
   }
  },
  {
   "type": "Feature",
   "geometry": {
    "type": "Point",
    "coordinates": [
     -122.400019,
     47.528918
    ]
   },
   "properties": {
    "id": "S296262987|Harlequin Duck",
    "common_name": "Harlequin Duck",
    "scientific_name": "Histrionicus histrionicus",
    "date": "2026-01-25",
    "time": "nan",
    "location": "Lincoln park",
    "count": "X",
    "checklist": "https://ebird.org/checklist/S296262987"
   }
  },
  {
   "type": "Feature",
   "geometry": {
    "type": "Point",
    "coordinates": [
     -83.691814,
     9.107333
    ]
   },
   "properties": {
    "id": "S300659512|White-tipped Dove",
    "common_name": "White-tipped Dove",
    "scientific_name": "Leptotila verreauxi",
    "date": "2026-02-14",
    "time": "04:14 PM",
    "location": "Our Villa",
    "count": "X",
    "checklist": "https://ebird.org/checklist/S300659512"
   }
  },
  {
   "type": "Feature",
   "geometry": {
    "type": "Point",
    "coordinates": [
     -83.691814,
     9.107333
    ]
   },
   "properties": {
    "id": "S300484645|Scarlet-rumped Tanager",
    "common_name": "Scarlet-rumped Tanager",
    "scientific_name": "Ramphocelus passerinii",
    "date": "2026-02-14",
    "time": "11:02 AM",
    "location": "Our Villa",
    "count": "X",
    "checklist": "https://ebird.org/checklist/S300484645"
   }
  },
  {
   "type": "Feature",
   "geometry": {
    "type": "Point",
    "coordinates": [
     -83.691814,
     9.107333
    ]
   },
   "properties": {
    "id": "S300493420|Magnificent Frigatebird",
    "common_name": "Magnificent Frigatebird",
    "scientific_name": "Fregata magnificens",
    "date": "2026-02-14",
    "time": "11:10 AM",
    "location": "Our Villa",
    "count": "X",
    "checklist": "https://ebird.org/checklist/S300493420"
   }
  },
  {
   "type": "Feature",
   "geometry": {
    "type": "Point",
    "coordinates": [
     -83.691814,
     9.107333
    ]
   },
   "properties": {
    "id": "S300508120|Scarlet-rumped Tanager",
    "common_name": "Scarlet-rumped Tanager",
    "scientific_name": "Ramphocelus passerinii",
    "date": "2026-02-14",
    "time": "11:39 AM",
    "location": "Our Villa",
    "count": "X",
    "checklist": "https://ebird.org/checklist/S300508120"
   }
  },
  {
   "type": "Feature",
   "geometry": {
    "type": "Point",
    "coordinates": [
     -83.691814,
     9.107333
    ]
   },
   "properties": {
    "id": "S300523017|Blue-gray Tanager",
    "common_name": "Blue-gray Tanager",
    "scientific_name": "Thraupis episcopus",
    "date": "2026-02-14",
    "time": "12:00 PM",
    "location": "Our Villa",
    "count": "X",
    "checklist": "https://ebird.org/checklist/S300523017"
   }
  },
  {
   "type": "Feature",
   "geometry": {
    "type": "Point",
    "coordinates": [
     -83.691814,
     9.107333
    ]
   },
   "properties": {
    "id": "S300633147|Palm Tanager",
    "common_name": "Palm Tanager",
    "scientific_name": "Thraupis palmarum",
    "date": "2026-02-14",
    "time": "03:25 PM",
    "location": "Our Villa",
    "count": "X",
    "checklist": "https://ebird.org/checklist/S300633147"
   }
  },
  {
   "type": "Feature",
   "geometry": {
    "type": "Point",
    "coordinates": [
     -83.691814,
     9.107333
    ]
   },
   "properties": {
    "id": "S300507342|Common Black Hawk",
    "common_name": "Common Black Hawk",
    "scientific_name": "Buteogallus anthracinus",
    "date": "2026-02-14",
    "time": "11:37 AM",
    "location": "Our Villa",
    "count": "X",
    "checklist": "https://ebird.org/checklist/S300507342"
   }
  },
  {
   "type": "Feature",
   "geometry": {
    "type": "Point",
    "coordinates": [
     -83.691814,
     9.107333
    ]
   },
   "properties": {
    "id": "S300661326|White-tipped Dove",
    "common_name": "White-tipped Dove",
    "scientific_name": "Leptotila verreauxi",
    "date": "2026-02-14",
    "time": "04:14 PM",
    "location": "Our Villa",
    "count": "X",
    "checklist": "https://ebird.org/checklist/S300661326"
   }
  },
  {
   "type": "Feature",
   "geometry": {
    "type": "Point",
    "coordinates": [
     -83.691814,
     9.107333
    ]
   },
   "properties": {
    "id": "S300373025|Roadside Hawk",
    "common_name": "Roadside Hawk",
    "scientific_name": "Rupornis magnirostris",
    "date": "2026-02-14",
    "time": "08:23 AM",
    "location": "Our Villa",
    "count": "X",
    "checklist": "https://ebird.org/checklist/S300373025"
   }
  },
  {
   "type": "Feature",
   "geometry": {
    "type": "Point",
    "coordinates": [
     -83.691814,
     9.107333
    ]
   },
   "properties": {
    "id": "S300520502|Bananaquit",
    "common_name": "Bananaquit",
    "scientific_name": "Coereba flaveola",
    "date": "2026-02-14",
    "time": "11:59 AM",
    "location": "Our Villa",
    "count": "X",
    "checklist": "https://ebird.org/checklist/S300520502"
   }
  },
  {
   "type": "Feature",
   "geometry": {
    "type": "Point",
    "coordinates": [
     -83.691814,
     9.107333
    ]
   },
   "properties": {
    "id": "S300635352|Cocoa Woodcreeper",
    "common_name": "Cocoa Woodcreeper",
    "scientific_name": "Xiphorhynchus susurrans",
    "date": "2026-02-14",
    "time": "03:31 PM",
    "location": "Our Villa",
    "count": "X",
    "checklist": "https://ebird.org/checklist/S300635352"
   }
  },
  {
   "type": "Feature",
   "geometry": {
    "type": "Point",
    "coordinates": [
     -83.691814,
     9.107333
    ]
   },
   "properties": {
    "id": "S300506847|Clay-colored Thrush",
    "common_name": "Clay-colored Thrush",
    "scientific_name": "Turdus grayi",
    "date": "2026-02-14",
    "time": "11:32 AM",
    "location": "Our Villa",
    "count": "X",
    "checklist": "https://ebird.org/checklist/S300506847"
   }
  },
  {
   "type": "Feature",
   "geometry": {
    "type": "Point",
    "coordinates": [
     -83.691814,
     9.107333
    ]
   },
   "properties": {
    "id": "S300489911|Yellow-headed Caracara",
    "common_name": "Yellow-headed Caracara",
    "scientific_name": "Daptrius chimachima",
    "date": "2026-02-14",
    "time": "11:10 AM",
    "location": "Our Villa",
    "count": "X",
    "checklist": "https://ebird.org/checklist/S300489911"
   }
  },
  {
   "type": "Feature",
   "geometry": {
    "type": "Point",
    "coordinates": [
     -83.734935,
     9.163587
    ]
   },
   "properties": {
    "id": "S300427139|Tropical Kingbird",
    "common_name": "Tropical Kingbird",
    "scientific_name": "Tyrannus melancholicus",
    "date": "2026-02-14",
    "time": "09:40 AM",
    "location": "Uvita breakfast",
    "count": "X",
    "checklist": "https://ebird.org/checklist/S300427139"
   }
  },
  {
   "type": "Feature",
   "geometry": {
    "type": "Point",
    "coordinates": [
     -83.734935,
     9.163587
    ]
   },
   "properties": {
    "id": "S300415804|Crested Caracara",
    "common_name": "Crested Caracara",
    "scientific_name": "Caracara plancus",
    "date": "2026-02-14",
    "time": "09:23 AM",
    "location": "Uvita breakfast",
    "count": "X",
    "checklist": "https://ebird.org/checklist/S300415804"
   }
  },
  {
   "type": "Feature",
   "geometry": {
    "type": "Point",
    "coordinates": [
     -83.691814,
     9.107333
    ]
   },
   "properties": {
    "id": "S300372583|Streaked Flycatcher",
    "common_name": "Streaked Flycatcher",
    "scientific_name": "Myiodynastes maculatus",
    "date": "2026-02-14",
    "time": "08:22 AM",
    "location": "Our Villa",
    "count": "X",
    "checklist": "https://ebird.org/checklist/S300372583"
   }
  },
  {
   "type": "Feature",
   "geometry": {
    "type": "Point",
    "coordinates": [
     -83.691814,
     9.107333
    ]
   },
   "properties": {
    "id": "S300523610|Boat-billed Flycatcher",
    "common_name": "Boat-billed Flycatcher",
    "scientific_name": "Megarynchus pitangua",
    "date": "2026-02-14",
    "time": "12:00 PM",
    "location": "Our Villa",
    "count": "X",
    "checklist": "https://ebird.org/checklist/S300523610"
   }
  },
  {
   "type": "Feature",
   "geometry": {
    "type": "Point",
    "coordinates": [
     -83.691814,
     9.107333
    ]
   },
   "properties": {
    "id": "S300354608|Great Kiskadee",
    "common_name": "Great Kiskadee",
    "scientific_name": "Pitangus sulphuratus",
    "date": "2026-02-14",
    "time": "07:56 AM",
    "location": "Our Villa",
    "count": "X",
    "checklist": "https://ebird.org/checklist/S300354608"
   }
  },
  {
   "type": "Feature",
   "geometry": {
    "type": "Point",
    "coordinates": [
     -83.691814,
     9.107333
    ]
   },
   "properties": {
    "id": "S300520695|Orange-chinned Parakeet",
    "common_name": "Orange-chinned Parakeet",
    "scientific_name": "Brotogeris jugularis",
    "date": "2026-02-14",
    "time": "12:00 PM",
    "location": "Our Villa",
    "count": "X",
    "checklist": "https://ebird.org/checklist/S300520695"
   }
  },
  {
   "type": "Feature",
   "geometry": {
    "type": "Point",
    "coordinates": [
     -83.691814,
     9.107333
    ]
   },
   "properties": {
    "id": "S300524170|Red-crowned Woodpecker",
    "common_name": "Red-crowned Woodpecker",
    "scientific_name": "Melanerpes rubricapillus",
    "date": "2026-02-14",
    "time": "12:00 PM",
    "location": "Our Villa",
    "count": "X",
    "checklist": "https://ebird.org/checklist/S300524170"
   }
  },
  {
   "type": "Feature",
   "geometry": {
    "type": "Point",
    "coordinates": [
     -83.688999,
     9.055052
    ]
   },
   "properties": {
    "id": "S301186897|Scaly-breasted Hummingbird",
    "common_name": "Scaly-breasted Hummingbird",
    "scientific_name": "Phaeochroa cuvierii",
    "date": "2026-02-15",
    "time": "05:45 PM",
    "location": "Get Out Quesadilla",
    "count": "X",
    "checklist": "https://ebird.org/checklist/S301186897"
   }
  },
  {
   "type": "Feature",
   "geometry": {
    "type": "Point",
    "coordinates": [
     -83.729947,
     9.178805
    ]
   },
   "properties": {
    "id": "S301000405|Crowned Woodnymph",
    "common_name": "Crowned Woodnymph",
    "scientific_name": "Thalurania colombica",
    "date": "2026-02-15",
    "time": "11:39 AM",
    "location": "Post Waterfall Mojito",
    "count": "X",
    "checklist": "https://ebird.org/checklist/S301000405"
   }
  },
  {
   "type": "Feature",
   "geometry": {
    "type": "Point",
    "coordinates": [
     -83.691814,
     9.107333
    ]
   },
   "properties": {
    "id": "S301145023|Scarlet Macaw",
    "common_name": "Scarlet Macaw",
    "scientific_name": "Ara macao",
    "date": "2026-02-15",
    "time": "04:25 PM",
    "location": "Our Villa",
    "count": "X",
    "checklist": "https://ebird.org/checklist/S301145023"
   }
  },
  {
   "type": "Feature",
   "geometry": {
    "type": "Point",
    "coordinates": [
     -83.691814,
     9.107333
    ]
   },
   "properties": {
    "id": "S301053218|Montezuma Oropendola",
    "common_name": "Montezuma Oropendola",
    "scientific_name": "Psarocolius montezuma",
    "date": "2026-02-15",
    "time": "nan",
    "location": "Our Villa",
    "count": "X",
    "checklist": "https://ebird.org/checklist/S301053218"
   }
  },
  {
   "type": "Feature",
   "geometry": {
    "type": "Point",
    "coordinates": [
     -83.678208,
     8.567815
    ]
   },
   "properties": {
    "id": "S301604184|Great Curassow",
    "common_name": "Great Curassow",
    "scientific_name": "Crax rubra",
    "date": "2026-02-16",
    "time": "08:01 PM",
    "location": "Nature Walk",
    "count": "X",
    "checklist": "https://ebird.org/checklist/S301604184"
   }
  },
  {
   "type": "Feature",
   "geometry": {
    "type": "Point",
    "coordinates": [
     -83.739342,
     9.159365
    ]
   },
   "properties": {
    "id": "S301283098|Piratic Flycatcher",
    "common_name": "Piratic Flycatcher",
    "scientific_name": "Legatus leucophaius",
    "date": "2026-02-16",
    "time": "06:29 AM",
    "location": "Expedition",
    "count": "X",
    "checklist": "https://ebird.org/checklist/S301283098"
   }
  },
  {
   "type": "Feature",
   "geometry": {
    "type": "Point",
    "coordinates": [
     -83.691814,
     9.107333
    ]
   },
   "properties": {
    "id": "S301275921|Southern House Wren",
    "common_name": "Southern House Wren",
    "scientific_name": "Troglodytes musculus",
    "date": "2026-02-16",
    "time": "06:00 AM",
    "location": "Our Villa",
    "count": "X",
    "checklist": "https://ebird.org/checklist/S301275921"
   }
  },
  {
   "type": "Feature",
   "geometry": {
    "type": "Point",
    "coordinates": [
     -83.691814,
     9.107333
    ]
   },
   "properties": {
    "id": "S388117100|Red-lored Amazon",
    "common_name": "Red-lored Amazon",
    "scientific_name": "Amazona autumnalis",
    "date": "2026-02-16",
    "time": "nan",
    "location": "Our Villa",
    "count": "X",
    "checklist": "https://ebird.org/checklist/S388117100"
   }
  },
  {
   "type": "Feature",
   "geometry": {
    "type": "Point",
    "coordinates": [
     -83.748159,
     9.155584
    ]
   },
   "properties": {
    "id": "S301527979|Northern Jacana",
    "common_name": "Northern Jacana",
    "scientific_name": "Jacana spinosa",
    "date": "2026-02-16",
    "time": "03:22 PM",
    "location": "Parking lot By Gator Creek",
    "count": "X",
    "checklist": "https://ebird.org/checklist/S301527979"
   }
  },
  {
   "type": "Feature",
   "geometry": {
    "type": "Point",
    "coordinates": [
     -83.739342,
     9.159365
    ]
   },
   "properties": {
    "id": "S301285133|White-winged Dove",
    "common_name": "White-winged Dove",
    "scientific_name": "Zenaida asiatica",
    "date": "2026-02-16",
    "time": "06:29 AM",
    "location": "Expedition",
    "count": "X",
    "checklist": "https://ebird.org/checklist/S301285133"
   }
  },
  {
   "type": "Feature",
   "geometry": {
    "type": "Point",
    "coordinates": [
     -83.694418,
     8.571808
    ]
   },
   "properties": {
    "id": "S301543479|Graceful Black-throated Trogon",
    "common_name": "Graceful Black-throated Trogon",
    "scientific_name": "Trogon tenellus",
    "date": "2026-02-16",
    "time": "04:00 PM",
    "location": "Hike",
    "count": "X",
    "checklist": "https://ebird.org/checklist/S301543479"
   }
  },
  {
   "type": "Feature",
   "geometry": {
    "type": "Point",
    "coordinates": [
     -83.694991,
     8.756739
    ]
   },
   "properties": {
    "id": "S301603945|Cocos Booby",
    "common_name": "Cocos Booby",
    "scientific_name": "Sula brewsteri",
    "date": "2026-02-16",
    "time": "08:01 PM",
    "location": "Boat Ride to Corcovado",
    "count": "X",
    "checklist": "https://ebird.org/checklist/S301603945"
   }
  },
  {
   "type": "Feature",
   "geometry": {
    "type": "Point",
    "coordinates": [
     -83.748159,
     9.155584
    ]
   },
   "properties": {
    "id": "S301527059|Green Kingfisher",
    "common_name": "Green Kingfisher",
    "scientific_name": "Chloroceryle americana",
    "date": "2026-02-16",
    "time": "03:21 PM",
    "location": "Parking lot By Gator Creek",
    "count": "X",
    "checklist": "https://ebird.org/checklist/S301527059"
   }
  },
  {
   "type": "Feature",
   "geometry": {
    "type": "Point",
    "coordinates": [
     -83.691814,
     9.107333
    ]
   },
   "properties": {
    "id": "S301541133|Fiery-billed Aracari",
    "common_name": "Fiery-billed Aracari",
    "scientific_name": "Pteroglossus frantzii",
    "date": "2026-02-16",
    "time": "03:56 PM",
    "location": "Our Villa",
    "count": "X",
    "checklist": "https://ebird.org/checklist/S301541133"
   }
  },
  {
   "type": "Feature",
   "geometry": {
    "type": "Point",
    "coordinates": [
     -83.739342,
     9.159365
    ]
   },
   "properties": {
    "id": "S301281775|Great-tailed Grackle",
    "common_name": "Great-tailed Grackle",
    "scientific_name": "Quiscalus mexicanus",
    "date": "2026-02-16",
    "time": "06:23 AM",
    "location": "Expedition",
    "count": "X",
    "checklist": "https://ebird.org/checklist/S301281775"
   }
  },
  {
   "type": "Feature",
   "geometry": {
    "type": "Point",
    "coordinates": [
     -83.691814,
     9.107333
    ]
   },
   "properties": {
    "id": "S301680265|Blue Dacnis",
    "common_name": "Blue Dacnis",
    "scientific_name": "Dacnis cayana",
    "date": "2026-02-17",
    "time": "06:44 AM",
    "location": "Our Villa",
    "count": "X",
    "checklist": "https://ebird.org/checklist/S301680265"
   }
  },
  {
   "type": "Feature",
   "geometry": {
    "type": "Point",
    "coordinates": [
     -83.650686,
     9.065879
    ]
   },
   "properties": {
    "id": "S301850055|Southern Rough-winged Swallow",
    "common_name": "Southern Rough-winged Swallow",
    "scientific_name": "Stelgidopteryx ruficollis",
    "date": "2026-02-17",
    "time": "05:19 PM",
    "location": "Beach Bust",
    "count": "X",
    "checklist": "https://ebird.org/checklist/S301850055"
   }
  },
  {
   "type": "Feature",
   "geometry": {
    "type": "Point",
    "coordinates": [
     -83.691814,
     9.107333
    ]
   },
   "properties": {
    "id": "S301673101|Lesser Greenlet",
    "common_name": "Lesser Greenlet",
    "scientific_name": "Pachysylvia decurtata",
    "date": "2026-02-17",
    "time": "06:20 AM",
    "location": "Our Villa",
    "count": "X",
    "checklist": "https://ebird.org/checklist/S301673101"
   }
  },
  {
   "type": "Feature",
   "geometry": {
    "type": "Point",
    "coordinates": [
     -83.691814,
     9.107333
    ]
   },
   "properties": {
    "id": "S301682488|Roseate Spoonbill",
    "common_name": "Roseate Spoonbill",
    "scientific_name": "Platalea ajaja",
    "date": "2026-02-17",
    "time": "07:01 AM",
    "location": "Our Villa",
    "count": "X",
    "checklist": "https://ebird.org/checklist/S301682488"
   }
  },
  {
   "type": "Feature",
   "geometry": {
    "type": "Point",
    "coordinates": [
     -83.724215,
     9.144545
    ]
   },
   "properties": {
    "id": "S301856872|Gray-capped Flycatcher",
    "common_name": "Gray-capped Flycatcher",
    "scientific_name": "Myiozetetes granadensis",
    "date": "2026-02-17",
    "time": "06:01 PM",
    "location": "Sunset Dinner",
    "count": "X",
    "checklist": "https://ebird.org/checklist/S301856872"
   }
  },
  {
   "type": "Feature",
   "geometry": {
    "type": "Point",
    "coordinates": [
     -83.64893,
     9.068778
    ]
   },
   "properties": {
    "id": "S301846099|Gray-headed Chachalaca",
    "common_name": "Gray-headed Chachalaca",
    "scientific_name": "Ortalis cinereiceps",
    "date": "2026-02-17",
    "time": "05:00 PM",
    "location": "Closed On Tuesdays",
    "count": "X",
    "checklist": "https://ebird.org/checklist/S301846099"
   }
  },
  {
   "type": "Feature",
   "geometry": {
    "type": "Point",
    "coordinates": [
     -83.645292,
     9.098517
    ]
   },
   "properties": {
    "id": "S301720402|Rufous-tailed Hummingbird",
    "common_name": "Rufous-tailed Hummingbird",
    "scientific_name": "Amazilia tzacatl",
    "date": "2026-02-17",
    "time": "09:00 AM",
    "location": "Coffee",
    "count": "X",
    "checklist": "https://ebird.org/checklist/S301720402"
   }
  },
  {
   "type": "Feature",
   "geometry": {
    "type": "Point",
    "coordinates": [
     -83.691814,
     9.107333
    ]
   },
   "properties": {
    "id": "S301676958|Golden-naped Woodpecker",
    "common_name": "Golden-naped Woodpecker",
    "scientific_name": "Melanerpes chrysauchen",
    "date": "2026-02-17",
    "time": "06:44 AM",
    "location": "Our Villa",
    "count": "X",
    "checklist": "https://ebird.org/checklist/S301676958"
   }
  },
  {
   "type": "Feature",
   "geometry": {
    "type": "Point",
    "coordinates": [
     -83.688999,
     9.055052
    ]
   },
   "properties": {
    "id": "S302269106|Golden-hooded Tanager",
    "common_name": "Golden-hooded Tanager",
    "scientific_name": "Stilpnia larvata",
    "date": "2026-02-19",
    "time": "02:29 PM",
    "location": "Get Out Quesadilla",
    "count": "X",
    "checklist": "https://ebird.org/checklist/S302269106"
   }
  },
  {
   "type": "Feature",
   "geometry": {
    "type": "Point",
    "coordinates": [
     -83.691814,
     9.107333
    ]
   },
   "properties": {
    "id": "S302155635|Social Flycatcher",
    "common_name": "Social Flycatcher",
    "scientific_name": "Myiozetetes similis",
    "date": "2026-02-19",
    "time": "06:53 AM",
    "location": "Our Villa",
    "count": "X",
    "checklist": "https://ebird.org/checklist/S302155635"
   }
  },
  {
   "type": "Feature",
   "geometry": {
    "type": "Point",
    "coordinates": [
     -83.735364,
     9.174094
    ]
   },
   "properties": {
    "id": "S302201887|Yellow-throated Toucan",
    "common_name": "Yellow-throated Toucan",
    "scientific_name": "Ramphastos ambiguus",
    "date": "2026-02-19",
    "time": "09:40 AM",
    "location": "Coffee Spot",
    "count": "X",
    "checklist": "https://ebird.org/checklist/S302201887"
   }
  },
  {
   "type": "Feature",
   "geometry": {
    "type": "Point",
    "coordinates": [
     -83.694418,
     8.571808
    ]
   },
   "properties": {
    "id": "S302212308|Bare-throated Tiger-Heron",
    "common_name": "Bare-throated Tiger-Heron",
    "scientific_name": "Tigrisoma mexicanum",
    "date": "2026-02-19",
    "time": "10:19 AM",
    "location": "Hike",
    "count": "X",
    "checklist": "https://ebird.org/checklist/S302212308"
   }
  },
  {
   "type": "Feature",
   "geometry": {
    "type": "Point",
    "coordinates": [
     -83.720736,
     9.13528
    ]
   },
   "properties": {
    "id": "S302270211|White-necked Jacobin",
    "common_name": "White-necked Jacobin",
    "scientific_name": "Florisuga mellivora",
    "date": "2026-02-19",
    "time": "02:35 PM",
    "location": "Aracari Drinks",
    "count": "X",
    "checklist": "https://ebird.org/checklist/S302270211"
   }
  },
  {
   "type": "Feature",
   "geometry": {
    "type": "Point",
    "coordinates": [
     -83.863095,
     9.25624
    ]
   },
   "properties": {
    "id": "S302377915|Ringed Kingfisher",
    "common_name": "Ringed Kingfisher",
    "scientific_name": "Megaceryle torquata",
    "date": "2026-02-20",
    "time": "05:55 AM",
    "location": "Dominical Drive",
    "count": "X",
    "checklist": "https://ebird.org/checklist/S302377915"
   }
  },
  {
   "type": "Feature",
   "geometry": {
    "type": "Point",
    "coordinates": [
     -122.362063,
     47.52761
    ]
   },
   "properties": {
    "id": "S312155681|Merlin",
    "common_name": "Merlin",
    "scientific_name": "Falco columbarius",
    "date": "2026-03-22",
    "time": "01:27 PM",
    "location": "Home Balcony",
    "count": "X",
    "checklist": "https://ebird.org/checklist/S312155681"
   }
  },
  {
   "type": "Feature",
   "geometry": {
    "type": "Point",
    "coordinates": [
     9.76744,
     55.515042
    ]
   },
   "properties": {
    "id": "S314012969|Great Cormorant",
    "common_name": "Great Cormorant",
    "scientific_name": "Phalacrocorax carbo",
    "date": "2026-03-28",
    "time": "06:29 PM",
    "location": "Dead Tree Grove",
    "count": "X",
    "checklist": "https://ebird.org/checklist/S314012969"
   }
  },
  {
   "type": "Feature",
   "geometry": {
    "type": "Point",
    "coordinates": [
     10.201852,
     56.169435
    ]
   },
   "properties": {
    "id": "S314306474|Eurasian Moorhen",
    "common_name": "Eurasian Moorhen",
    "scientific_name": "Gallinula chloropus",
    "date": "2026-03-29",
    "time": "nan",
    "location": "Campus Lake",
    "count": "X",
    "checklist": "https://ebird.org/checklist/S314306474"
   }
  },
  {
   "type": "Feature",
   "geometry": {
    "type": "Point",
    "coordinates": [
     10.201852,
     56.169435
    ]
   },
   "properties": {
    "id": "S314315932|European Herring Gull",
    "common_name": "European Herring Gull",
    "scientific_name": "Larus argentatus",
    "date": "2026-03-29",
    "time": "03:36 PM",
    "location": "Campus Lake",
    "count": "X",
    "checklist": "https://ebird.org/checklist/S314315932"
   }
  },
  {
   "type": "Feature",
   "geometry": {
    "type": "Point",
    "coordinates": [
     12.324067,
     55.627558
    ]
   },
   "properties": {
    "id": "S314230471|Eurasian Jackdaw",
    "common_name": "Eurasian Jackdaw",
    "scientific_name": "Coloeus monedula",
    "date": "2026-03-29",
    "time": "12:00 PM",
    "location": "Campus Lake",
    "count": "X",
    "checklist": "https://ebird.org/checklist/S314230471"
   }
  },
  {
   "type": "Feature",
   "geometry": {
    "type": "Point",
    "coordinates": [
     10.203669,
     56.170838
    ]
   },
   "properties": {
    "id": "S315030243|European Greenfinch",
    "common_name": "European Greenfinch",
    "scientific_name": "Chloris chloris",
    "date": "2026-03-31",
    "time": "11:35 AM",
    "location": "Campus",
    "count": "X",
    "checklist": "https://ebird.org/checklist/S315030243"
   }
  },
  {
   "type": "Feature",
   "geometry": {
    "type": "Point",
    "coordinates": [
     10.203669,
     56.170838
    ]
   },
   "properties": {
    "id": "S315030217|Great Tit",
    "common_name": "Great Tit",
    "scientific_name": "Parus major",
    "date": "2026-03-31",
    "time": "11:35 AM",
    "location": "Campus",
    "count": "X",
    "checklist": "https://ebird.org/checklist/S315030217"
   }
  },
  {
   "type": "Feature",
   "geometry": {
    "type": "Point",
    "coordinates": [
     10.203669,
     56.170838
    ]
   },
   "properties": {
    "id": "S315029710|Eurasian Blue Tit",
    "common_name": "Eurasian Blue Tit",
    "scientific_name": "Cyanistes caeruleus",
    "date": "2026-03-31",
    "time": "11:32 AM",
    "location": "Campus",
    "count": "X",
    "checklist": "https://ebird.org/checklist/S315029710"
   }
  },
  {
   "type": "Feature",
   "geometry": {
    "type": "Point",
    "coordinates": [
     12.558299,
     55.682308
    ]
   },
   "properties": {
    "id": "S315643049|Eurasian Blackbird",
    "common_name": "Eurasian Blackbird",
    "scientific_name": "Turdus merula",
    "date": "2026-04-01",
    "time": "08:06 PM",
    "location": "The Lakes",
    "count": "X",
    "checklist": "https://ebird.org/checklist/S315643049"
   }
  },
  {
   "type": "Feature",
   "geometry": {
    "type": "Point",
    "coordinates": [
     -79.862682,
     32.772301
    ]
   },
   "properties": {
    "id": "S321666708|American Oystercatcher",
    "common_name": "American Oystercatcher",
    "scientific_name": "Haematopus palliatus",
    "date": "2026-04-14",
    "time": "nan",
    "location": "Pitt Street Bridge",
    "count": "X",
    "checklist": "https://ebird.org/checklist/S321666708"
   }
  },
  {
   "type": "Feature",
   "geometry": {
    "type": "Point",
    "coordinates": [
     -79.862682,
     32.772301
    ]
   },
   "properties": {
    "id": "S321649607|Semipalmated Plover",
    "common_name": "Semipalmated Plover",
    "scientific_name": "Charadrius semipalmatus",
    "date": "2026-04-14",
    "time": "nan",
    "location": "Pitt Street Bridge",
    "count": "X",
    "checklist": "https://ebird.org/checklist/S321649607"
   }
  },
  {
   "type": "Feature",
   "geometry": {
    "type": "Point",
    "coordinates": [
     -122.400452,
     47.531248
    ]
   },
   "properties": {
    "id": "S328077744|Horned Grebe",
    "common_name": "Horned Grebe",
    "scientific_name": "Podiceps auritus",
    "date": "2026-04-26",
    "time": "01:03 PM",
    "location": "Lincoln Park",
    "count": "X",
    "checklist": "https://ebird.org/checklist/S328077744"
   }
  },
  {
   "type": "Feature",
   "geometry": {
    "type": "Point",
    "coordinates": [
     -121.211533,
     48.699834
    ]
   },
   "properties": {
    "id": "S345834255|Cassin's Vireo",
    "common_name": "Cassin's Vireo",
    "scientific_name": "Vireo cassinii",
    "date": "2026-05-24",
    "time": "12:38 PM",
    "location": "Gorge Overlook Trail",
    "count": "X",
    "checklist": "https://ebird.org/checklist/S345834255"
   }
  },
  {
   "type": "Feature",
   "geometry": {
    "type": "Point",
    "coordinates": [
     -122.361681,
     47.979788
    ]
   },
   "properties": {
    "id": "S346564005|Red-breasted Sapsucker",
    "common_name": "Red-breasted Sapsucker",
    "scientific_name": "Sphyrapicus ruber",
    "date": "2026-05-25",
    "time": "11:22 AM",
    "location": "Ferry Line",
    "count": "X",
    "checklist": "https://ebird.org/checklist/S346564005"
   }
  },
  {
   "type": "Feature",
   "geometry": {
    "type": "Point",
    "coordinates": [
     -123.923363,
     45.994395
    ]
   },
   "properties": {
    "id": "S349522509|California Scrub-Jay",
    "common_name": "California Scrub-Jay",
    "scientific_name": "Aphelocoma californica",
    "date": "2026-05-30",
    "time": "09:20 AM",
    "location": "Seaside",
    "count": "X",
    "checklist": "https://ebird.org/checklist/S349522509"
   }
  },
  {
   "type": "Feature",
   "geometry": {
    "type": "Point",
    "coordinates": [
     -123.965304,
     45.884825
    ]
   },
   "properties": {
    "id": "S349443777|Tufted Puffin",
    "common_name": "Tufted Puffin",
    "scientific_name": "Fratercula cirrhata",
    "date": "2026-05-30",
    "time": "07:36 AM",
    "location": "Haystack Rock",
    "count": "X",
    "checklist": "https://ebird.org/checklist/S349443777"
   }
  },
  {
   "type": "Feature",
   "geometry": {
    "type": "Point",
    "coordinates": [
     -123.966203,
     45.883805
    ]
   },
   "properties": {
    "id": "S349423664|Common Murre",
    "common_name": "Common Murre",
    "scientific_name": "Uria aalge",
    "date": "2026-05-30",
    "time": "nan",
    "location": "Haystack",
    "count": "X",
    "checklist": "https://ebird.org/checklist/S349423664"
   }
  },
  {
   "type": "Feature",
   "geometry": {
    "type": "Point",
    "coordinates": [
     -122.317184,
     47.652268
    ]
   },
   "properties": {
    "id": "S361758885|Killdeer",
    "common_name": "Killdeer",
    "scientific_name": "Charadrius vociferus",
    "date": "2026-06-22",
    "time": "11:40 AM",
    "location": "Park",
    "count": "X",
    "checklist": "https://ebird.org/checklist/S361758885"
   }
  },
  {
   "type": "Feature",
   "geometry": {
    "type": "Point",
    "coordinates": [
     -51.1113,
     69.221398
    ]
   },
   "properties": {
    "id": "S386240472|Glaucous Gull",
    "common_name": "Glaucous Gull",
    "scientific_name": "Larus hyperboreus",
    "date": "2026-08-23",
    "time": "04:01 PM",
    "location": "Black Church",
    "count": "X",
    "checklist": "https://ebird.org/checklist/S386240472"
   }
  },
  {
   "type": "Feature",
   "geometry": {
    "type": "Point",
    "coordinates": [
     -51.1113,
     69.221398
    ]
   },
   "properties": {
    "id": "S386242509|Black-legged Kittiwake",
    "common_name": "Black-legged Kittiwake",
    "scientific_name": "Rissa tridactyla",
    "date": "2026-08-23",
    "time": "04:07 PM",
    "location": "Black Church",
    "count": "X",
    "checklist": "https://ebird.org/checklist/S386242509"
   }
  },
  {
   "type": "Feature",
   "geometry": {
    "type": "Point",
    "coordinates": [
     -122.362063,
     47.52761
    ]
   },
   "properties": {
    "id": "S392300635|California Scrub-Jay",
    "common_name": "California Scrub-Jay",
    "scientific_name": "Aphelocoma californica",
    "date": "2026-09-12",
    "time": "04:17 PM",
    "location": "Home Balcony",
    "count": "X",
    "checklist": "https://ebird.org/checklist/S392300635"
   }
  },
  {
   "type": "Feature",
   "geometry": {
    "type": "Point",
    "coordinates": [
     -76.845366,
     38.996545
    ]
   },
   "properties": {
    "id": "S393745128|Red-shouldered Hawk",
    "common_name": "Red-shouldered Hawk",
    "scientific_name": "Buteo lineatus",
    "date": "2026-09-17",
    "time": "04:03 PM",
    "location": "NASA Goddard",
    "count": "X",
    "checklist": "https://ebird.org/checklist/S393745128"
   }
  }
 ]
}